time,x,y
2011-04-05 0:00,-84.777468,57.807159
2011-04-05 0:30,-84.794602,57.811901
2011-04-05 1:00,-84.789959,57.819312
2011-04-05 1:30,-84.76924,57.834194
2011-04-05 2:00,-84.775832,57.843431
2011-04-05 2:30,-84.754342,57.854473
2011-04-05 3:00,-84.74282,57.865452
2011-04-05 3:30,-84.728486,57.865735
2011-04-05 4:00,-84.726024,57.871031
2011-04-05 4:30,-84.720386,57.887164
2011-04-05 5:00,-84.710512,57.894738
2011-04-05 5:30,-84.710366,57.89221
2011-04-05 6:00,-84.710557,57.890109
2011-04-05 6:30,-84.710309,57.887696
2011-04-05 7:00,-84.709488,57.885197
2011-04-05 7:30,-84.708071,57.88254
2011-04-05 8:00,-84.704949,57.884975
2011-04-05 8:30,-84.680618,57.889605
2011-04-05 9:00,-84.650639,57.889154
2011-04-05 9:30,-84.627523,57.895602
2011-04-05 10:00,-84.625394,57.893547
2011-04-05 10:30,-84.623407,57.891624
2011-04-05 11:00,-84.621674,57.889861
2011-04-05 11:30,-84.612406,57.894058
2011-04-05 12:00,-84.603405,57.896499
2011-04-05 12:30,-84.609746,57.895496
2011-04-05 13:00,-84.602476,57.893574
2011-04-05 13:30,-84.597607,57.891857
2011-04-05 14:00,-84.600729,57.888306
2011-04-05 14:30,-84.60179,57.886398
2011-04-05 15:00,-84.603273,57.884227
2011-04-05 15:30,-84.60486,57.881661
2011-04-05 16:00,-84.606773,57.878735
2011-04-05 16:30,-84.608372,57.875682
2011-04-05 17:00,-84.60961,57.872241
2011-04-05 17:30,-84.610596,57.868581
2011-04-05 18:00,-84.611248,57.864663
2011-04-05 18:30,-84.611464,57.860657
2011-04-05 19:00,-84.610964,57.856511
2011-04-05 19:30,-84.609902,57.852482
2011-04-05 20:00,-84.6102,57.849773
2011-04-05 20:30,-84.605238,57.842977
2011-04-05 21:00,-84.602592,57.839376
2011-04-05 21:30,-84.599944,57.836328
2011-04-05 22:00,-84.597602,57.833528
2011-04-05 22:30,-84.593071,57.831516
2011-04-05 23:00,-84.579465,57.834513
2011-04-05 23:30,-84.569679,57.839356
2011-04-06 0:00,-84.569161,57.838653
2011-04-06 0:30,-84.565689,57.840019
2011-04-06 1:00,-84.546138,57.846437
2011-04-06 1:30,-84.528019,57.851764
2011-04-06 2:00,-84.531526,57.851987
2011-04-06 2:30,-84.534096,57.857078
2011-04-06 3:00,-84.54637,57.865401
2011-04-06 3:30,-84.532856,57.869697
2011-04-06 4:00,-84.535803,57.86911
2011-04-06 4:30,-84.538406,57.867809
2011-04-06 5:00,-84.53646,57.871015
2011-04-06 5:30,-84.527461,57.880636
2011-04-06 6:00,-84.531686,57.879955
2011-04-06 6:30,-84.53235,57.878708
2011-04-06 7:00,-84.532131,57.87737
2011-04-06 7:30,-84.531066,57.876063
2011-04-06 8:00,-84.531204,57.87539
2011-04-06 8:30,-84.534301,57.87602
2011-04-06 9:00,-84.531234,57.875187
2011-04-06 9:30,-84.527799,57.874643
2011-04-06 10:00,-84.522202,57.881557
2011-04-06 10:30,-84.53358,57.894821
2011-04-06 11:00,-84.532394,57.905614
2011-04-06 11:30,-84.528449,57.916255
2011-04-06 12:00,-84.522347,57.919244
2011-04-06 12:30,-84.51692,57.920604
2011-04-06 13:00,-84.50459,57.923849
2011-04-06 13:30,-84.497822,57.926031
2011-04-06 14:00,-84.496763,57.926443
2011-04-06 14:30,-84.496175,57.926693
2011-04-06 15:00,-84.496067,57.926802
2011-04-06 15:30,-84.496024,57.926621
2011-04-06 16:00,-84.495989,57.926192
2011-04-06 16:30,-84.495865,57.925508
2011-04-06 17:00,-84.495697,57.924548
2011-04-06 17:30,-84.495021,57.923261
2011-04-06 18:00,-84.493831,57.92167
2011-04-06 18:30,-84.492123,57.919952
2011-04-06 19:00,-84.490362,57.918143
2011-04-06 19:30,-84.488302,57.916333
2011-04-06 20:00,-84.485932,57.914656
2011-04-06 20:30,-84.48368,57.913248
2011-04-06 21:00,-84.481577,57.912127
2011-04-06 21:30,-84.475658,57.920064
2011-04-06 22:00,-84.47699,57.930726
2011-04-06 22:30,-84.478761,57.941035
2011-04-06 23:00,-84.47564,57.955311
2011-04-06 23:30,-84.473916,57.96824
2011-04-07 0:00,-84.473558,57.969568
2011-04-07 0:30,-84.476313,57.973062
2011-04-07 1:00,-84.497675,57.980525
2011-04-07 1:30,-84.525358,57.992864
2011-04-07 2:00,-84.530821,57.994286
2011-04-07 2:30,-84.53936,57.991339
2011-04-07 3:00,-84.528399,57.998639
2011-04-07 3:30,-84.529009,58.000055
2011-04-07 4:00,-84.542408,57.99661
2011-04-07 4:30,-84.549136,57.988373
2011-04-07 5:00,-84.564742,57.989714
2011-04-07 5:30,-84.566659,57.99002
2011-04-07 6:00,-84.57663,57.98817
2011-04-07 6:30,-84.567989,57.984006
2011-04-07 7:00,-84.574646,57.980138
2011-04-07 7:30,-84.574861,57.979797
2011-04-07 8:00,-84.574721,57.979414
2011-04-07 8:30,-84.574306,57.979102
2011-04-07 9:00,-84.573461,57.978767
2011-04-07 9:30,-84.572143,57.978727
2011-04-07 10:00,-84.57059,57.97887
2011-04-07 10:30,-84.56888,57.979187
2011-04-07 11:00,-84.567093,57.979834
2011-04-07 11:30,-84.565526,57.980822
2011-04-07 12:00,-84.564292,57.98211
2011-04-07 12:30,-84.563413,57.983788
2011-04-07 13:00,-84.565776,57.983794
2011-04-07 13:30,-84.561083,57.984051
2011-04-07 14:00,-84.561853,57.986339
2011-04-07 14:30,-84.562195,57.988631
2011-04-07 15:00,-84.561554,57.991211
2011-04-07 15:30,-84.559534,57.994922
2011-04-07 16:00,-84.561234,57.992803
2011-04-07 16:30,-84.576503,57.986169
2011-04-07 17:00,-84.580818,57.986408
2011-04-07 17:30,-84.582661,57.988193
2011-04-07 18:00,-84.587882,57.987671
2011-04-07 18:30,-84.598725,57.981859
2011-04-07 19:00,-84.610053,57.98181
2011-04-07 19:30,-84.611383,57.982456
2011-04-07 20:00,-84.611717,57.983641
2011-04-07 20:30,-84.628506,57.976918
2011-04-07 21:00,-84.653962,57.974234
2011-04-07 21:30,-84.665954,57.970954
2011-04-07 22:00,-84.676547,57.969285
2011-04-07 22:30,-84.674372,57.970627
2011-04-07 23:00,-84.672232,57.972104
2011-04-07 23:30,-84.670125,57.973633
2011-04-08 0:00,-84.669681,57.971193
2011-04-08 0:30,-84.672385,57.971961
2011-04-08 1:00,-84.671695,57.973981
2011-04-08 1:30,-84.678613,57.976173
2011-04-08 2:00,-84.67665,57.986821
2011-04-08 2:30,-84.663165,57.999633
2011-04-08 3:00,-84.646356,58.00771
2011-04-08 3:30,-84.633679,57.993039
2011-04-08 4:00,-84.610116,57.999199
2011-04-08 4:30,-84.603728,58.003927
2011-04-08 5:00,-84.581345,58.010178
2011-04-08 5:30,-84.553933,58.019978
2011-04-08 6:00,-84.539491,58.01351
2011-04-08 6:30,-84.54022,58.013986
2011-04-08 7:00,-84.536685,58.018313
2011-04-08 7:30,-84.525139,58.017557
2011-04-08 8:00,-84.504008,58.020633
2011-04-08 8:30,-84.498064,58.02068
2011-04-08 9:00,-84.497158,58.02101
2011-04-08 9:30,-84.495713,58.0215
2011-04-08 10:00,-84.493656,58.022121
2011-04-08 10:30,-84.491169,58.022906
2011-04-08 11:00,-84.488596,58.023996
2011-04-08 11:30,-84.466082,58.025984
2011-04-08 12:00,-84.443891,58.029802
2011-04-08 12:30,-84.421982,58.026598
2011-04-08 13:00,-84.398139,58.030419
2011-04-08 13:30,-84.393902,58.033551
2011-04-08 14:00,-84.382915,58.034262
2011-04-08 14:30,-84.372172,58.040973
2011-04-08 15:00,-84.37135,58.043318
2011-04-08 15:30,-84.368455,58.046282
2011-04-08 16:00,-84.35249,58.049014
2011-04-08 16:30,-84.339815,58.047913
2011-04-08 17:00,-84.339129,58.049902
2011-04-08 17:30,-84.338338,58.051802
2011-04-08 18:00,-84.337347,58.053579
2011-04-08 18:30,-84.335578,58.055186
2011-04-08 19:00,-84.333139,58.056551
2011-04-08 19:30,-84.33054,58.057804
2011-04-08 20:00,-84.327332,58.058873
2011-04-08 20:30,-84.323666,58.060004
2011-04-08 21:00,-84.319783,58.061228
2011-04-08 21:30,-84.315305,58.062507
2011-04-08 22:00,-84.304451,58.063414
2011-04-08 22:30,-84.299811,58.064997
2011-04-08 23:00,-84.294854,58.066707
2011-04-08 23:30,-84.290143,58.068486
2011-04-09 0:00,-84.285487,58.07032
2011-04-09 0:30,-84.280287,58.069088
2011-04-09 1:00,-84.275929,58.059062
2011-04-09 1:30,-84.268164,58.048099
2011-04-09 2:00,-84.282288,58.054282
2011-04-09 2:30,-84.279228,58.069305
2011-04-09 3:00,-84.276495,58.070598
2011-04-09 3:30,-84.274336,58.071555
2011-04-09 4:00,-84.272919,58.072109
2011-04-09 4:30,-84.273594,58.073792
2011-04-09 5:00,-84.276599,58.082883
2011-04-09 5:30,-84.296023,58.086046
2011-04-09 6:00,-84.300843,58.085341
2011-04-09 6:30,-84.289552,58.087828
2011-04-09 7:00,-84.286268,58.090525
2011-04-09 7:30,-84.28597,58.089946
2011-04-09 8:00,-84.290843,58.093225
2011-04-09 8:30,-84.291043,58.085801
2011-04-09 9:00,-84.291014,58.08512
2011-04-09 9:30,-84.290756,58.084561
2011-04-09 10:00,-84.296301,58.081124
2011-04-09 10:30,-84.295644,58.081152
2011-04-09 11:00,-84.296533,58.080311
2011-04-09 11:30,-84.295201,58.080981
2011-04-09 12:00,-84.30325,58.083636
2011-04-09 12:30,-84.31632,58.094728
2011-04-09 13:00,-84.318958,58.100781
2011-04-09 13:30,-84.318539,58.102561
2011-04-09 14:00,-84.318492,58.104437
2011-04-09 14:30,-84.31819963,58.10497912
2011-04-09 15:00,-84.318039,58.109769
2011-04-09 15:30,-84.317726,58.12183
2011-04-09 16:00,-84.319871,58.128588
2011-04-09 16:30,-84.338187,58.130437
2011-04-09 17:00,-84.336961,58.131805
2011-04-09 17:30,-84.336297,58.133249
2011-04-09 18:00,-84.335529,58.134624
2011-04-09 18:30,-84.334649,58.135939
2011-04-09 19:00,-84.333803,58.137327
2011-04-09 19:30,-84.332828,58.138686
2011-04-09 20:00,-84.331361,58.140083
2011-04-09 20:30,-84.329458,58.141521
2011-04-09 21:00,-84.32714,58.143075
2011-04-09 21:30,-84.331778,58.145834
2011-04-09 22:00,-84.328323,58.147877
2011-04-09 22:30,-84.344328,58.149067
2011-04-09 23:00,-84.355649,58.148732
2011-04-09 23:30,-84.355647,58.151504
2011-04-10 0:00,-84.351007,58.154032
2011-04-10 0:30,-84.346117,58.156703
2011-04-10 1:00,-84.341347,58.15945
2011-04-10 1:30,-84.336527,58.162312
2011-04-10 2:00,-84.331738,58.165026
2011-04-10 2:30,-84.327304,58.167401
2011-04-10 3:00,-84.365148,58.155975
2011-04-10 3:30,-84.406018,58.144459
2011-04-10 4:00,-84.403084,58.145678
2011-04-10 4:30,-84.400253,58.14651
2011-04-10 5:00,-84.401334,58.152599
2011-04-10 5:30,-84.398337,58.151879
2011-04-10 6:00,-84.39546,58.150452
2011-04-10 6:30,-84.392267,58.148301
2011-04-10 7:00,-84.388869,58.145564
2011-04-10 7:30,-84.384984,58.142231
2011-04-10 8:00,-84.367812,58.13588
2011-04-10 8:30,-84.357934,58.126811
2011-04-10 9:00,-84.3507,58.118732
2011-04-10 9:30,-84.347359,58.115424
2011-04-10 10:00,-84.344231,58.112246
2011-04-10 10:30,-84.340959,58.10932
2011-04-10 11:00,-84.337825,58.106815
2011-04-10 11:30,-84.334645,58.104628
2011-04-10 12:00,-84.331472,58.102895
2011-04-10 12:30,-84.328235,58.101505
2011-04-10 13:00,-84.32803,58.096771
2011-04-10 13:30,-84.34279,58.097148
2011-04-10 14:00,-84.346707,58.091665
2011-04-10 14:30,-84.364174,58.09021
2011-04-10 15:00,-84.377803,58.083855
2011-04-10 15:30,-84.379266,58.069814
2011-04-10 16:00,-84.387825,58.0551
2011-04-10 16:30,-84.38644,58.053438
2011-04-10 17:00,-84.385833,58.05293
2011-04-10 17:30,-84.386024,58.0517
2011-04-10 18:00,-84.385407,58.05072
2011-04-10 18:30,-84.384451,58.049378
2011-04-10 19:00,-84.383393,58.047542
2011-04-10 19:30,-84.382182,58.045311
2011-04-10 20:00,-84.380612,58.042713
2011-04-10 20:30,-84.379565,58.039876
2011-04-10 21:00,-84.378712,58.036812
2011-04-10 21:30,-84.377998,58.033753
2011-04-10 22:00,-84.377675,58.031051
2011-04-10 22:30,-84.377752,58.028694
2011-04-10 23:00,-84.389355,58.02012
2011-04-10 23:30,-84.393576,58.016093
2011-04-11 0:00,-84.414644,58.010303
2011-04-11 0:30,-84.405615,57.994214
2011-04-11 1:00,-84.416372,57.984051
2011-04-11 1:30,-84.426884,57.973436
2011-04-11 2:00,-84.44267,57.956931
2011-04-11 2:30,-84.463156,57.955373
2011-04-11 3:00,-84.492731,57.958336
2011-04-11 3:30,-84.506714,57.960531
2011-04-11 4:00,-84.507703,57.961008
2011-04-11 4:30,-84.508585,57.961267
2011-04-11 5:00,-84.509515,57.96125
2011-04-11 5:30,-84.509852,57.960851
2011-04-11 6:00,-84.511161,57.959866
2011-04-11 6:30,-84.511211,57.959042
2011-04-11 7:00,-84.511876,57.957495
2011-04-11 7:30,-84.512632,57.955808
2011-04-11 8:00,-84.513456,57.954084
2011-04-11 8:30,-84.514124,57.952345
2011-04-11 9:00,-84.514688,57.950665
2011-04-11 9:30,-84.51525,57.94918
2011-04-11 10:00,-84.515815,57.947829
2011-04-11 10:30,-84.51587,57.946395
2011-04-11 11:00,-84.516121,57.945314
2011-04-11 11:30,-84.515589,57.944295
2011-04-11 12:00,-84.514656,57.943327
2011-04-11 12:30,-84.513321,57.942977
2011-04-11 13:00,-84.509351,57.943537
2011-04-11 13:30,-84.511785,57.941141
2011-04-11 14:00,-84.511619,57.940605
2011-04-11 14:30,-84.511434,57.940098
2011-04-11 15:00,-84.511761,57.939755
2011-04-11 15:30,-84.512379,57.939562
2011-04-11 16:00,-84.513303,57.939464
2011-04-11 16:30,-84.514093,57.939525
2011-04-11 17:00,-84.515063,57.939596
2011-04-11 17:30,-84.515873,57.93947
2011-04-11 18:00,-84.51642,57.93934
2011-04-11 18:30,-84.516504,57.938955
2011-04-11 19:00,-84.516235,57.938354
2011-04-11 19:30,-84.515662,57.937437
2011-04-11 20:00,-84.514851,57.936253
2011-04-11 20:30,-84.513698,57.934826
2011-04-11 21:00,-84.512499,57.933166
2011-04-11 21:30,-84.511775,57.931452
2011-04-11 22:00,-84.510934,57.929779
2011-04-11 22:30,-84.509889,57.928277
2011-04-11 23:00,-84.509236,57.927112
2011-04-11 23:30,-84.508331,57.92629
2011-04-12 0:00,-84.507264,57.925581
2011-04-12 0:30,-84.506365,57.925246
2011-04-12 1:00,-84.5054,57.925286
2011-04-12 1:30,-84.50449,57.925592
2011-04-12 2:00,-84.504066,57.926158
2011-04-12 2:30,-84.503358,57.927014
2011-04-12 3:00,-84.502823,57.928111
2011-04-12 3:30,-84.502244,57.929469
2011-04-12 4:00,-84.502361,57.930856
2011-04-12 4:30,-84.502777,57.933239
2011-04-12 5:00,-84.507346,57.93585
2011-04-12 5:30,-84.523545,57.937856
2011-04-12 6:00,-84.53048,57.941521
2011-04-12 6:30,-84.530814,57.942611
2011-04-12 7:00,-84.531506,57.943394
2011-04-12 7:30,-84.532377,57.943999
2011-04-12 8:00,-84.533063,57.944376
2011-04-12 8:30,-84.533456,57.944361
2011-04-12 9:00,-84.533495,57.943998
2011-04-12 9:30,-84.532623,57.943286
2011-04-12 10:00,-84.531791,57.942274
2011-04-12 10:30,-84.526846,57.942767
2011-04-12 11:00,-84.526404,57.941595
2011-04-12 11:30,-84.524875,57.941073
2011-04-12 12:00,-84.520519,57.942284
2011-04-12 12:30,-84.52109223,57.93900621
2011-04-12 13:00,-84.529604,57.935274
2011-04-12 13:30,-84.541958,57.935348
2011-04-12 14:00,-84.541398,57.934085
2011-04-12 14:30,-84.543562,57.933926
2011-04-12 15:00,-84.549154,57.938511
2011-04-12 15:30,-84.551489,57.938599
2011-04-12 16:00,-84.549623,57.934482
2011-04-12 16:30,-84.550772,57.933461
2011-04-12 17:00,-84.552321,57.93252
2011-04-12 17:30,-84.55698382,57.93086511
2011-04-12 18:00,-84.567415,57.929926
2011-04-12 18:30,-84.580965,57.930292
2011-04-12 19:00,-84.583236,57.929341
2011-04-12 19:30,-84.585617,57.928358
2011-04-12 20:00,-84.588167,57.92724
2011-04-12 20:30,-84.59069,57.925961
2011-04-12 21:00,-84.593331,57.924576
2011-04-12 21:30,-84.596369,57.923167
2011-04-12 22:00,-84.599247,57.921731
2011-04-12 22:30,-84.6026,57.920285
2011-04-12 23:00,-84.60577,57.918849
2011-04-12 23:30,-84.612439,57.919417
2011-04-13 0:00,-84.628487,57.92628
2011-04-13 0:30,-84.638029,57.931294
2011-04-13 1:00,-84.656208,57.936819
2011-04-13 1:30,-84.650592,57.943553
2011-04-13 2:00,-84.640858,57.95356
2011-04-13 2:30,-84.644764,57.954474
2011-04-13 3:00,-84.673815,57.951093
2011-04-13 3:30,-84.694978,57.940834
2011-04-13 4:00,-84.718403,57.944782
2011-04-13 4:30,-84.736399,57.949267
2011-04-13 5:00,-84.747014,57.959782
2011-04-13 5:30,-84.743709,57.970125
2011-04-13 6:00,-84.755877,57.980622
2011-04-13 6:30,-84.74629,57.990467
2011-04-13 7:00,-84.740222,57.986836
2011-04-13 7:30,-84.74566,57.985524
2011-04-13 8:00,-84.750769,57.984065
2011-04-13 8:30,-84.755653,57.982367
2011-04-13 9:00,-84.760078,57.980506
2011-04-13 9:30,-84.764342,57.978633
2011-04-13 10:00,-84.76799,57.976758
2011-04-13 10:30,-84.770384,57.975018
2011-04-13 11:00,-84.75449,57.978882
2011-04-13 11:30,-84.739753,57.983845
2011-04-13 12:00,-84.717435,57.991146
2011-04-13 12:30,-84.695634,57.997064
2011-04-13 13:00,-84.688503,58.002576
2011-04-13 13:30,-84.679577,58.007867
2011-04-13 14:00,-84.676512,58.005956
2011-04-13 14:30,-84.672561,58.008387
2011-04-13 15:00,-84.666179,58.007521
2011-04-13 15:30,-84.662323,58.005637
2011-04-13 16:00,-84.658532,58.003916
2011-04-13 16:30,-84.654767,58.001453
2011-04-13 17:00,-84.650954,57.999116
2011-04-13 17:30,-84.646966,57.997505
2011-04-13 18:00,-84.6428,57.995845
2011-04-13 18:30,-84.638716,57.994137
2011-04-13 19:00,-84.634638,57.992351
2011-04-13 19:30,-84.630565,57.990703
2011-04-13 20:00,-84.626641,57.99004
2011-04-13 20:30,-84.622797,57.988373
2011-04-13 21:00,-84.619214,57.986379
2011-04-13 21:30,-84.615634,57.984257
2011-04-13 22:00,-84.612239,57.982288
2011-04-13 22:30,-84.608967,57.980421
2011-04-13 23:00,-84.605383,57.978415
2011-04-13 23:30,-84.602164,57.976585
2011-04-14 0:00,-84.598613,57.974861
2011-04-14 0:30,-84.581908,57.978877
2011-04-14 1:00,-84.573512,57.994518
2011-04-14 1:30,-84.548207,58.004192
2011-04-14 2:00,-84.559052,58.013129
2011-04-14 2:30,-84.55677,58.01257
2011-04-14 3:00,-84.571211,58.014935
2011-04-14 3:30,-84.568532,58.01481
2011-04-14 4:00,-84.565791,58.014873
2011-04-14 4:30,-84.562786,58.023315
2011-04-14 5:00,-84.55764,58.029207
2011-04-14 5:30,-84.553888,58.029135
2011-04-14 6:00,-84.550981,58.029095
2011-04-14 6:30,-84.54827,58.028977
2011-04-14 7:00,-84.545608,58.028803
2011-04-14 7:30,-84.543126,58.028567
2011-04-14 8:00,-84.541123,58.028327
2011-04-14 8:30,-84.539544,58.028107
2011-04-14 9:00,-84.539218,58.026853
2011-04-14 9:30,-84.538295,58.026083
2011-04-14 10:00,-84.53432,58.032791
2011-04-14 10:30,-84.535956,58.033412
2011-04-14 11:00,-84.530559,58.039371
2011-04-14 11:30,-84.521862,58.046794
2011-04-14 12:00,-84.511086,58.055734
2011-04-14 12:30,-84.513016,58.059588
2011-04-14 13:00,-84.513306,58.06246
2011-04-14 13:30,-84.508808,58.060785
2011-04-14 14:00,-84.501646,58.068599
2011-04-14 14:30,-84.498379,58.068022
2011-04-14 15:00,-84.472609,58.062658
2011-04-14 15:30,-84.444219,58.063766
2011-04-14 16:00,-84.409789,58.062758
2011-04-14 16:30,-84.401846,58.061297
2011-04-14 17:00,-84.395302,58.059605
2011-04-14 17:30,-84.388561,58.058011
2011-04-14 18:00,-84.366745,58.048046
2011-04-14 18:30,-84.345037,58.053965
2011-04-14 19:00,-84.32811,58.056244
2011-04-14 19:30,-84.308884,58.059275
2011-04-14 20:00,-84.289031,58.061896
2011-04-14 20:30,-84.281276,58.058433
2011-04-14 21:00,-84.274528,58.057
2011-04-14 21:30,-84.268048,58.055463
2011-04-14 22:00,-84.261869,58.053897
2011-04-14 22:30,-84.238138,58.061432
2011-04-14 23:00,-84.215452,58.055756
2011-04-14 23:30,-84.195536,58.046552
2011-04-15 0:00,-84.190769,58.044489
2011-04-15 0:30,-84.185842,58.042508
2011-04-15 1:00,-84.181343,58.040812
2011-04-15 1:30,-84.177745,58.031624
2011-04-15 2:00,-84.176847,58.022405
2011-04-15 2:30,-84.178719,58.013037
2011-04-15 3:00,-84.185218,58.011867
2011-04-15 3:30,-84.1889,57.997884
2011-04-15 4:00,-84.179475,57.988222
2011-04-15 4:30,-84.1745,57.987405
2011-04-15 5:00,-84.171905,57.975334
2011-04-15 5:30,-84.16372,57.965689
2011-04-15 6:00,-84.160197,57.96594
2011-04-15 6:30,-84.149795,57.951837
2011-04-15 7:00,-84.147003,57.935837
2011-04-15 7:30,-84.134793,57.932735
2011-04-15 8:00,-84.13159,57.918379
2011-04-15 8:30,-84.142918,57.911597
2011-04-15 9:00,-84.140867,57.911467
2011-04-15 9:30,-84.139253,57.911338
2011-04-15 10:00,-84.13799,57.911026
2011-04-15 10:30,-84.13688,57.910784
2011-04-15 11:00,-84.135911,57.91047
2011-04-15 11:30,-84.135048,57.909955
2011-04-15 12:00,-84.134867,57.906112
2011-04-15 12:30,-84.142006,57.891792
2011-04-15 13:00,-84.147812,57.877143
2011-04-15 13:30,-84.147386,57.874644
2011-04-15 14:00,-84.139161,57.866817
2011-04-15 14:30,-84.136522,57.850517
2011-04-15 15:00,-84.133212,57.849894
2011-04-15 15:30,-84.129681,57.849347
2011-04-15 16:00,-84.124845,57.848867
2011-04-15 16:30,-84.119235,57.848279
2011-04-15 17:00,-84.11213,57.847874
2011-04-15 17:30,-84.105986,57.847468
2011-04-15 18:00,-84.099858,57.84713
2011-04-15 18:30,-84.093555,57.846809
2011-04-15 19:00,-84.087128,57.846468
2011-04-15 19:30,-84.08059,57.846212
2011-04-15 20:00,-84.07402185,57.84042711
2011-04-15 20:30,-84.064157,57.833512
2011-04-15 21:00,-84.046483,57.829219
2011-04-15 21:30,-84.024639,57.820599
2011-04-15 22:00,-84.033992,57.814112
2011-04-15 22:30,-84.063075,57.812029
2011-04-15 23:00,-84.049783,57.802623
2011-04-15 23:30,-84.033253,57.793573
2011-04-16 0:00,-84.023589,57.781554
2011-04-16 0:30,-84.005255,57.767277
2011-04-16 1:00,-84.001841,57.756897
2011-04-16 1:30,-83.990303,57.745583
2011-04-16 2:00,-84.001003,57.735264
2011-04-16 2:30,-84.012726,57.725857
2011-04-16 3:00,-84.012008,57.720956
2011-04-16 3:30,-84.01036,57.720097
2011-04-16 4:00,-84.009418,57.707658
2011-04-16 4:30,-83.999388,57.691683
2011-04-16 5:00,-83.993337,57.683823
2011-04-16 5:30,-83.989861,57.673522
2011-04-16 6:00,-83.966428,57.673337
2011-04-16 6:30,-83.94196,57.684903
2011-04-16 7:00,-83.926003,57.691367
2011-04-16 7:30,-83.926339,57.691963
2011-04-16 8:00,-83.926135,57.692504
2011-04-16 8:30,-83.925931,57.693093
2011-04-16 9:00,-83.925885,57.693439
2011-04-16 9:30,-83.92595,57.693587
2011-04-16 10:00,-83.925963,57.693602
2011-04-16 10:30,-83.926028,57.69357
2011-04-16 11:00,-83.925985,57.693516
2011-04-16 11:30,-83.92610674,57.69317101
2011-04-16 12:00,-83.926257,57.692806
2011-04-16 12:30,-83.926346,57.692655
2011-04-16 13:00,-83.926664,57.692334
2011-04-16 13:30,-83.926623,57.691717
2011-04-16 14:00,-83.926279,57.690892
2011-04-16 14:30,-83.923022,57.692756
2011-04-16 15:00,-83.922262,57.69184
2011-04-16 15:30,-83.921464,57.690783
2011-04-16 16:00,-83.920318,57.689913
2011-04-16 16:30,-83.91921,57.68947
2011-04-16 17:00,-83.91808,57.689014
2011-04-16 17:30,-83.916962,57.688881
2011-04-16 18:00,-83.916091,57.689211
2011-04-16 18:30,-83.91555,57.689709
2011-04-16 19:00,-83.915063,57.690303
2011-04-16 19:30,-83.91485,57.690832
2011-04-16 20:00,-83.914388,57.691418
2011-04-16 20:30,-83.914197,57.691958
2011-04-16 21:00,-83.914054,57.692443
2011-04-16 21:30,-83.914001,57.692829
2011-04-16 22:00,-83.909828,57.696064
2011-04-16 22:30,-83.899518,57.701915
2011-04-16 23:00,-83.887378,57.708165
2011-04-16 23:30,-83.877318,57.712114
2011-04-17 0:00,-83.871797,57.712921
2011-04-17 0:30,-83.855826,57.714733
2011-04-17 1:00,-83.854148,57.717529
2011-04-17 1:30,-83.878817,57.726502
2011-04-17 2:00,-83.870811,57.731327
2011-04-17 2:30,-83.878255,57.733834
2011-04-17 3:00,-83.879546,57.741602
2011-04-17 3:30,-83.867076,57.758744
2011-04-17 4:00,-83.866093,57.770416
2011-04-17 4:30,-83.866131,57.771334
2011-04-17 5:00,-83.865572,57.77085
2011-04-17 5:30,-83.875742,57.769954
2011-04-17 6:00,-83.855127,57.772708
2011-04-17 6:30,-83.848271,57.786964
2011-04-17 7:00,-83.815707,57.792945
2011-04-17 7:30,-83.8178,57.80515
2011-04-17 8:00,-83.81021,57.812264
2011-04-17 8:30,-83.810038,57.81285
2011-04-17 9:00,-83.808785,57.813573
2011-04-17 9:30,-83.779196,57.817964
2011-04-17 10:00,-83.77846,57.818782
2011-04-17 10:30,-83.776647,57.818752
2011-04-17 11:00,-83.76988,57.815871
2011-04-17 11:30,-83.771459,57.816022
2011-04-17 12:00,-83.773217,57.815974
2011-04-17 12:30,-83.775244,57.815615
2011-04-17 13:00,-83.777278,57.814789
2011-04-17 13:30,-83.779966,57.813641
2011-04-17 14:00,-83.782871,57.812116
2011-04-17 14:30,-83.785628,57.81034
2011-04-17 15:00,-83.787765,57.808173
2011-04-17 15:30,-83.789624,57.805873
2011-04-17 16:00,-83.77724,57.802863
2011-04-17 16:30,-83.797317,57.809005
2011-04-17 17:00,-83.804457,57.812498
2011-04-17 17:30,-83.806304,57.823092
2011-04-17 18:00,-83.787477,57.828681
2011-04-17 18:30,-83.760195,57.832755
2011-04-17 19:00,-83.727891,57.832988
2011-04-17 19:30,-83.718954,57.838853
2011-04-17 20:00,-83.712521,57.841483
2011-04-17 20:30,-83.696889,57.847153
2011-04-17 21:00,-83.703821,57.849147
2011-04-17 21:30,-83.687596,57.854148
2011-04-17 22:00,-83.663906,57.856689
2011-04-17 22:30,-83.63775,57.862943
2011-04-17 23:00,-83.621023,57.869852
2011-04-17 23:30,-83.592808,57.877688
2011-04-18 0:00,-83.567664,57.880555
2011-04-18 0:30,-83.569084,57.880341
2011-04-18 1:00,-83.547447,57.878518
2011-04-18 1:30,-83.547718,57.880207
2011-04-18 2:00,-83.550488,57.880574
2011-04-18 2:30,-83.545245,57.886024
2011-04-18 3:00,-83.537367,57.891335
2011-04-18 3:30,-83.538781,57.890201
2011-04-18 4:00,-83.539614,57.888909
2011-04-18 4:30,-83.540275,57.887953
2011-04-18 5:00,-83.540178,57.886982
2011-04-18 5:30,-83.539317,57.886408
2011-04-18 6:00,-83.554239,57.897901
2011-04-18 6:30,-83.526618,57.905818
2011-04-18 7:00,-83.514322,57.918058
2011-04-18 7:30,-83.522348,57.926404
2011-04-18 8:00,-83.519122,57.929785
2011-04-18 8:30,-83.516236,57.930204
2011-04-18 9:00,-83.513491,57.931118
2011-04-18 9:30,-83.510938,57.932493
2011-04-18 10:00,-83.50867,57.934098
2011-04-18 10:30,-83.506575,57.935966
2011-04-18 11:00,-83.504836,57.937912
2011-04-18 11:30,-83.503513,57.939892
2011-04-18 12:00,-83.502615,57.94178
2011-04-18 12:30,-83.502087,57.943542
2011-04-18 13:00,-83.499248,57.945285
2011-04-18 13:30,-83.51832,57.955939
2011-04-18 14:00,-83.521681,57.956418
2011-04-18 14:30,-83.547522,57.95604
2011-04-18 15:00,-83.571839,57.962761
2011-04-18 15:30,-83.594894,57.969428
2011-04-18 16:00,-83.616762,57.975559
2011-04-18 16:30,-83.637255,57.986868
2011-04-18 17:00,-83.646316,57.987106
2011-04-18 17:30,-83.645131,57.987081
2011-04-18 18:00,-83.64332,57.987082
2011-04-18 18:30,-83.640618,57.987137
2011-04-18 19:00,-83.637242,57.987181
2011-04-18 19:30,-83.633524,57.987366
2011-04-18 20:00,-83.629151,57.987991
2011-04-18 20:30,-83.636482,57.989096
2011-04-18 21:00,-83.647271,57.995291
2011-04-18 21:30,-83.652614,58.002716
2011-04-18 22:00,-83.662445,58.012729
2011-04-18 22:30,-83.659344,58.015216
2011-04-18 23:00,-83.675496,58.018207
2011-04-18 23:30,-83.688645,58.013462
2011-04-19 0:00,-83.704334,58.022498
2011-04-19 0:30,-83.720266,58.03402
2011-04-19 1:00,-83.725433,58.035495
2011-04-19 1:30,-83.732802,58.03993
2011-04-19 2:00,-83.74936,58.039351
2011-04-19 2:30,-83.78163,58.045141
2011-04-19 3:00,-83.808389,58.042018
2011-04-19 3:30,-83.835883,58.050153
2011-04-19 4:00,-83.86617,58.054523
2011-04-19 4:30,-83.894817,58.059116
2011-04-19 5:00,-83.920245,58.071865
2011-04-19 5:30,-83.943574,58.084466
2011-04-19 6:00,-83.971782,58.089259
2011-04-19 6:30,-84.004261,58.090415
2011-04-19 7:00,-84.011244,58.087729
2011-04-19 7:30,-84.008373,58.085315
2011-04-19 8:00,-84.007436,58.086582
2011-04-19 8:30,-84.004684,58.08766
2011-04-19 9:00,-84.001895,58.08923
2011-04-19 9:30,-83.999388,58.091181
2011-04-19 10:00,-83.996768,58.09365
2011-04-19 10:30,-83.985446,58.095211
2011-04-19 11:00,-83.996993,58.098672
2011-04-19 11:30,-83.998944,58.102577
2011-04-19 12:00,-83.997253,58.104715
2011-04-19 12:30,-83.999248,58.107989
2011-04-19 13:00,-84.023061,58.113353
2011-04-19 13:30,-84.031588,58.11492
2011-04-19 14:00,-84.034613,58.114623
2011-04-19 14:30,-84.033104,58.113819
2011-04-19 15:00,-84.031789,58.111889
2011-04-19 15:30,-84.030416,58.108815
2011-04-19 16:00,-84.028703,58.105124
2011-04-19 16:30,-84.026588,58.101119
2011-04-19 17:00,-84.023845,58.096967
2011-04-19 17:30,-84.020687,58.092598
2011-04-19 18:00,-84.016993,58.088252
2011-04-19 18:30,-84.012986,58.083882
2011-04-19 19:00,-84.008667,58.079663
2011-04-19 19:30,-84.00401,58.075838
2011-04-19 20:00,-83.999277,58.072493
2011-04-19 20:30,-83.9943,58.069691
2011-04-19 21:00,-83.98916,58.067567
2011-04-19 21:30,-83.984226,58.066132
2011-04-19 22:00,-83.980533,58.06997
2011-04-19 22:30,-83.978015,58.069509
2011-04-19 23:00,-83.978912,58.069604
2011-04-19 23:30,-83.976106,58.070459
2011-04-20 0:00,-83.97396,58.071546
2011-04-20 0:30,-83.972506,58.072877
2011-04-20 1:00,-83.97175,58.074245
2011-04-20 1:30,-83.971928,58.075715
2011-04-20 2:00,-83.972764,58.077123
2011-04-20 2:30,-83.976116,58.080854
2011-04-20 3:00,-83.97722,58.08153
2011-04-20 3:30,-83.986646,58.08739
2011-04-20 4:00,-84.013318,58.093826
2011-04-20 4:30,-84.01197,58.093303
2011-04-20 5:00,-84.012113,58.093226
2011-04-20 5:30,-84.011739,58.093019
2011-04-20 6:00,-84.01032,58.092522
2011-04-20 6:30,-84.009379,58.092225
2011-04-20 7:00,-84.008345,58.092
2011-04-20 7:30,-84.006771,58.091798
2011-04-20 8:00,-84.005037,58.09174
2011-04-20 8:30,-84.003204,58.091897
2011-04-20 9:00,-84.00133,58.092375
2011-04-20 9:30,-83.999642,58.093199
2011-04-20 10:00,-83.99806,58.094426
2011-04-20 10:30,-83.996209,58.095909
2011-04-20 11:00,-83.994374,58.097541
2011-04-20 11:30,-83.992351,58.099321
2011-04-20 12:00,-84.011556,58.100101
2011-04-20 12:30,-84.036213,58.108427
2011-04-20 13:00,-84.058227,58.107673
2011-04-20 13:30,-84.066168,58.115787
2011-04-20 14:00,-84.085367,58.12694
2011-04-20 14:30,-84.114548,58.134591
2011-04-20 15:00,-84.136308,58.140764
2011-04-20 15:30,-84.157221,58.143683
2011-04-20 16:00,-84.157844,58.144299
2011-04-20 16:30,-84.163779,58.145073
2011-04-20 17:00,-84.165976,58.143226
2011-04-20 17:30,-84.166166,58.143782
2011-04-20 18:00,-84.1661,58.144418
2011-04-20 18:30,-84.165446,58.145165
2011-04-20 19:00,-84.163987,58.146028
2011-04-20 19:30,-84.161956,58.146853
2011-04-20 20:00,-84.159707,58.147911
2011-04-20 20:30,-84.15715,58.149137
2011-04-20 21:00,-84.154393,58.150685
2011-04-20 21:30,-84.151893,58.152463
2011-04-20 22:00,-84.149578,58.154554
2011-04-20 22:30,-84.146768,58.156942
2011-04-20 23:00,-84.14528,58.159631
2011-04-20 23:30,-84.148558,58.161093
2011-04-21 0:00,-84.183115,58.165807
2011-04-21 0:30,-84.212637,58.162167
2011-04-21 1:00,-84.236874,58.152766
2011-04-21 1:30,-84.251338,58.144291
2011-04-21 2:00,-84.275993,58.139195
2011-04-21 2:30,-84.280443,58.138771
2011-04-21 3:00,-84.28174,58.141138
2011-04-21 3:30,-84.302642,58.129876
2011-04-21 4:00,-84.316421,58.119564
2011-04-21 4:30,-84.348692,58.110618
2011-04-21 5:00,-84.380301,58.107807
2011-04-21 5:30,-84.416075,58.108705
2011-04-21 6:00,-84.428131,58.106272
2011-04-21 6:30,-84.44929,58.11345
2011-04-21 7:00,-84.459528,58.104761
2011-04-21 7:30,-84.459705,58.105009
2011-04-21 8:00,-84.466153,58.103881
2011-04-21 8:30,-84.473066,58.09007
2011-04-21 9:00,-84.482244,58.085078
2011-04-21 9:30,-84.499394,58.074203
2011-04-21 10:00,-84.503113,58.073771
2011-04-21 10:30,-84.501914,58.07482
2011-04-21 11:00,-84.500921,58.076356
2011-04-21 11:30,-84.500122,58.078199
2011-04-21 12:00,-84.499507,58.080427
2011-04-21 12:30,-84.499161,58.082956
2011-04-21 13:00,-84.49812918,58.08618787
2011-04-21 13:30,-84.498073,58.087932
2011-04-21 14:00,-84.497021,58.089819
2011-04-21 14:30,-84.485147,58.102446
2011-04-21 15:00,-84.4848318,58.10713354
2011-04-21 15:30,-84.494978,58.112512
2011-04-21 16:00,-84.508224,58.127649
2011-04-21 16:30,-84.52402002,58.13373046
2011-04-21 17:00,-84.540388,58.1359
2011-04-21 17:30,-84.556886,58.143699
2011-04-21 18:00,-84.576301,58.152267
2011-04-21 18:30,-84.582585,58.15389
2011-04-21 19:00,-84.579239,58.152272
2011-04-21 19:30,-84.575916,58.150935
2011-04-21 20:00,-84.57293,58.149863
2011-04-21 20:30,-84.570101,58.148928
2011-04-21 21:00,-84.574839,58.150988
2011-04-21 21:30,-84.595163,58.157038
2011-04-21 22:00,-84.610857,58.168211
2011-04-21 22:30,-84.610379,58.16775
2011-04-21 23:00,-84.609272,58.167389
2011-04-21 23:30,-84.608704,58.1671
2011-04-22 0:00,-84.621931,58.169639
2011-04-22 0:30,-84.623391,58.170194
2011-04-22 1:00,-84.627234,58.171569
2011-04-22 1:30,-84.627025,58.171442
2011-04-22 2:00,-84.627071,58.171263
2011-04-22 2:30,-84.627186,58.170839
2011-04-22 3:00,-84.62759,58.17015
2011-04-22 3:30,-84.628176,58.169123
2011-04-22 4:00,-84.629241,58.167805
2011-04-22 4:30,-84.633238,58.17205
2011-04-22 5:00,-84.628528,58.18009
2011-04-22 5:30,-84.633264,58.188487
2011-04-22 6:00,-84.642599,58.194023
2011-04-22 6:30,-84.644803,58.192427
2011-04-22 7:00,-84.64363,58.189287
2011-04-22 7:30,-84.642145,58.186043
2011-04-22 8:00,-84.640397,58.182871
2011-04-22 8:30,-84.638284,58.179669
2011-04-22 9:00,-84.636132,58.176676
2011-04-22 9:30,-84.63394,58.174074
2011-04-22 10:00,-84.631585,58.171969
2011-04-22 10:30,-84.629059,58.170256
2011-04-22 11:00,-84.626428,58.169094
2011-04-22 11:30,-84.624258,58.17085
2011-04-22 12:00,-84.625788,58.179853
2011-04-22 12:30,-84.618948,58.192137
2011-04-22 13:00,-84.615128,58.207343
2011-04-22 13:30,-84.611296,58.220987
2011-04-22 14:00,-84.60267,58.23269
2011-04-22 14:30,-84.600241,58.23231
2011-04-22 15:00,-84.601756,58.236474
2011-04-22 15:30,-84.599823,58.235011
2011-04-22 16:00,-84.596644,58.232974
2011-04-22 16:30,-84.593798,58.230997
2011-04-22 17:00,-84.591689,58.228917
2011-04-22 17:30,-84.58946,58.226524
2011-04-22 18:00,-84.586648,58.223848
2011-04-22 18:30,-84.583203,58.221012
2011-04-22 19:00,-84.579164,58.218054
2011-04-22 19:30,-84.575113,58.215101
2011-04-22 20:00,-84.57095,58.212124
2011-04-22 20:30,-84.566604,58.209436
2011-04-22 21:00,-84.563094,58.207108
2011-04-22 21:30,-84.567096,58.206905
2011-04-22 22:00,-84.5734,58.21709
2011-04-22 22:30,-84.570612,58.227547
2011-04-22 23:00,-84.566378,58.241928
2011-04-22 23:30,-84.559727,58.247897
2011-04-23 0:00,-84.56076,58.24848
2011-04-23 0:30,-84.565075,58.255112
2011-04-23 1:00,-84.575044,58.266241
2011-04-23 1:30,-84.59514,58.268638
2011-04-23 2:00,-84.613008,58.279613
2011-04-23 2:30,-84.622726,58.274975
2011-04-23 3:00,-84.642372,58.276878
2011-04-23 3:30,-84.662397,58.291302
2011-04-23 4:00,-84.661032,58.306307
2011-04-23 4:30,-84.650713,58.311703
2011-04-23 5:00,-84.65079,58.312563
2011-04-23 5:30,-84.651788,58.312934
2011-04-23 6:00,-84.652634,58.313043
2011-04-23 6:30,-84.653424,58.313075
2011-04-23 7:00,-84.640211,58.317215
2011-04-23 7:30,-84.621043,58.325074
2011-04-23 8:00,-84.604279,58.327759
2011-04-23 8:30,-84.596267,58.335553
2011-04-23 9:00,-84.595036,58.339557
2011-04-23 9:30,-84.59541,58.339453
2011-04-23 10:00,-84.595534,58.339337
2011-04-23 10:30,-84.595431,58.339332
2011-04-23 11:00,-84.595297,58.339468
2011-04-23 11:30,-84.595055,58.339627
2011-04-23 12:00,-84.594905,58.33971
2011-04-23 12:30,-84.595134,58.340363
2011-04-23 13:00,-84.595826,58.341185
2011-04-23 13:30,-84.598312,58.34403
2011-04-23 14:00,-84.600241,58.345353
2011-04-23 14:30,-84.601425,58.348883
2011-04-23 15:00,-84.604028,58.350302
2011-04-23 15:30,-84.606868,58.351482
2011-04-23 16:00,-84.609366,58.352352
2011-04-23 16:30,-84.611853,58.353018
2011-04-23 17:00,-84.613679,58.353161
2011-04-23 17:30,-84.61516,58.353166
2011-04-23 18:00,-84.616627,58.352925
2011-04-23 18:30,-84.617818,58.352788
2011-04-23 19:00,-84.618879,58.352564
2011-04-23 19:30,-84.619553,58.352253
2011-04-23 20:00,-84.620336,58.351966
2011-04-23 20:30,-84.620944,58.351682
2011-04-23 21:00,-84.621024,58.351279
2011-04-23 21:30,-84.620974,58.351023
2011-04-23 22:00,-84.621097,58.35086
2011-04-23 22:30,-84.610937,58.355095
2011-04-23 23:00,-84.603224,58.356953
2011-04-23 23:30,-84.607943,58.367503
2011-04-24 0:00,-84.60533,58.375275
2011-04-24 0:30,-84.60838,58.381995
2011-04-24 1:00,-84.608171,58.390749
2011-04-24 1:30,-84.593843,58.404387
2011-04-24 2:00,-84.583106,58.415193
2011-04-24 2:30,-84.582385,58.416557
2011-04-24 3:00,-84.571958,58.422968
2011-04-24 3:30,-84.576054,58.425758
2011-04-24 4:00,-84.577811,58.42656
2011-04-24 4:30,-84.579523,58.427332
2011-04-24 5:00,-84.581358,58.428018
2011-04-24 5:30,-84.583421,58.428731
2011-04-24 6:00,-84.585353,58.429321
2011-04-24 6:30,-84.587133,58.429849
2011-04-24 7:00,-84.588514,58.430359
2011-04-24 7:30,-84.589559,58.430965
2011-04-24 8:00,-84.590142,58.43152
2011-04-24 8:30,-84.590223,58.432123
2011-04-24 9:00,-84.589849,58.432887
2011-04-24 9:30,-84.582721,58.433946
2011-04-24 10:00,-84.552549,58.438931
2011-04-24 10:30,-84.529398,58.439839
2011-04-24 11:00,-84.498669,58.446447
2011-04-24 11:30,-84.474758,58.445599
2011-04-24 12:00,-84.448009,58.454271
2011-04-24 12:30,-84.425916,58.466785
2011-04-24 13:00,-84.405052,58.474365
2011-04-24 13:30,-84.400807,58.476816
2011-04-24 14:00,-84.39622,58.4793
2011-04-24 14:30,-84.391436,58.481546
2011-04-24 15:00,-84.386592,58.483556
2011-04-24 15:30,-84.381759,58.485253
2011-04-24 16:00,-84.376769,58.486376
2011-04-24 16:30,-84.372573,58.486954
2011-04-24 17:00,-84.36897,58.487206
2011-04-24 17:30,-84.365656,58.486916
2011-04-24 18:00,-84.362893,58.486148
2011-04-24 18:30,-84.360865,58.485388
2011-04-24 19:00,-84.359083,58.484598
2011-04-24 19:30,-84.35756,58.483762
2011-04-24 20:00,-84.355964,58.482772
2011-04-24 20:30,-84.354335,58.481463
2011-04-24 21:00,-84.35295,58.480434
2011-04-24 21:30,-84.351509,58.479104
2011-04-24 22:00,-84.350531,58.48731
2011-04-24 22:30,-84.338674,58.499215
2011-04-24 23:00,-84.323843,58.507169
2011-04-24 23:30,-84.304918,58.515014
2011-04-25 0:00,-84.286262,58.523512
2011-04-25 0:30,-84.27827,58.53833
2011-04-25 1:00,-84.276827,58.537571
2011-04-25 1:30,-84.275479,58.536972
2011-04-25 2:00,-84.274128,58.536679
2011-04-25 2:30,-84.272741,58.536405
2011-04-25 3:00,-84.261213,58.547958
2011-04-25 3:30,-84.248409,58.564801
2011-04-25 4:00,-84.244195,58.580916
2011-04-25 4:30,-84.228602,58.596389
2011-04-25 5:00,-84.217752,58.613109
2011-04-25 5:30,-84.218183,58.629051
2011-04-25 6:00,-84.219863,58.644331
2011-04-25 6:30,-84.222748,58.648226
2011-04-25 7:00,-84.215977,58.664413
2011-04-25 7:30,-84.217984,58.68135
2011-04-25 8:00,-84.22044,58.693545
2011-04-25 8:30,-84.223328,58.702779
2011-04-25 9:00,-84.218416,58.717808
2011-04-25 9:30,-84.21977,58.729462
2011-04-25 10:00,-84.209244,58.734722
2011-04-25 10:30,-84.204294,58.733644
2011-04-25 11:00,-84.19953,58.732273
2011-04-25 11:30,-84.195214,58.73049
2011-04-25 12:00,-84.191069,58.728457
2011-04-25 12:30,-84.156954,58.734052
2011-04-25 13:00,-84.133264,58.742525
2011-04-25 13:30,-84.115098,58.750824
2011-04-25 14:00,-84.110856,58.748219
2011-04-25 14:30,-84.106524,58.745287
2011-04-25 15:00,-84.102065,58.742237
2011-04-25 15:30,-84.097531,58.739006
2011-04-25 16:00,-84.092998,58.735793
2011-04-25 16:30,-84.088335,58.732352
2011-04-25 17:00,-84.083636,58.728861
2011-04-25 17:30,-84.079057,58.725464
2011-04-25 18:00,-84.074584,58.722199
2011-04-25 18:30,-84.070211,58.719138
2011-04-25 19:00,-84.065619,58.716256
2011-04-25 19:30,-84.061046,58.713521
2011-04-25 20:00,-84.05657,58.711
2011-04-25 20:30,-84.051942,58.708425
2011-04-25 21:00,-84.047131,58.70586
2011-04-25 21:30,-84.04222,58.703513
2011-04-25 22:00,-84.037372,58.701314
2011-04-25 22:30,-84.029616,58.698375
2011-04-25 23:00,-84.024938,58.696648
2011-04-25 23:30,-84.02068,58.695258
2011-04-26 0:00,-84.01686,58.6942
2011-04-26 0:30,-84.013433,58.693435
2011-04-26 1:00,-84.006182,58.693032
2011-04-26 1:30,-83.990968,58.707333
2011-04-26 2:00,-83.972793,58.72269
2011-04-26 2:30,-83.97556,58.724392
2011-04-26 3:00,-83.974259,58.724639
2011-04-26 3:30,-83.973441,58.725045
2011-04-26 4:00,-83.979172,58.735609
2011-04-26 4:30,-83.989286,58.751664
2011-04-26 5:00,-83.989316,58.752276
2011-04-26 5:30,-83.997003,58.768929
2011-04-26 6:00,-84.012662,58.782768
2011-04-26 6:30,-84.014652,58.800928
2011-04-26 7:00,-84.020535,58.807108
2011-04-26 7:30,-84.020689,58.807428
2011-04-26 8:00,-84.020765,58.807591
2011-04-26 8:30,-84.030204,58.81787
2011-04-26 9:00,-84.033534,58.836058
2011-04-26 9:30,-84.039366,58.851288
2011-04-26 10:00,-84.049978,58.86187
2011-04-26 10:30,-84.055635,58.860812
2011-04-26 11:00,-84.056253,58.862509
2011-04-26 11:30,-84.062575,58.870494
2011-04-26 12:00,-84.057767,58.882644
2011-04-26 12:30,-84.054944,58.898094
2011-04-26 13:00,-84.053796,58.913264
2011-04-26 13:30,-84.04913,58.924854
2011-04-26 14:00,-84.04251,58.928294
2011-04-26 14:30,-84.04245,58.928341
2011-04-26 15:00,-84.042431,58.928541
2011-04-26 15:30,-84.042043,58.92898
2011-04-26 16:00,-84.041738,58.929704
2011-04-26 16:30,-84.04149,58.93068
2011-04-26 17:00,-84.041119,58.93174
2011-04-26 17:30,-84.040605,58.932818
2011-04-26 18:00,-84.039928,58.933873
2011-04-26 18:30,-84.039359,58.934899
2011-04-26 19:00,-84.038961,58.935978
2011-04-26 19:30,-84.038698,58.936947
2011-04-26 20:00,-84.038605,58.937821
2011-04-26 20:30,-84.038569,58.938651
2011-04-26 21:00,-84.038877,58.939383
2011-04-26 21:30,-84.02751,58.936308
2011-04-26 22:00,-84.027968,58.937038
2011-04-26 22:30,-84.028471,58.937783
2011-04-26 23:00,-84.029059,58.93852
2011-04-26 23:30,-84.029635,58.939298
2011-04-27 0:00,-84.03024,58.940051
2011-04-27 0:30,-84.030965,58.940757
2011-04-27 1:00,-84.031695,58.941378
2011-04-27 1:30,-84.03237,58.941982
2011-04-27 2:00,-84.032841,58.942519
2011-04-27 2:30,-84.032922,58.943212
2011-04-27 3:00,-84.033101,58.943954
2011-04-27 3:30,-84.033491,58.944862
2011-04-27 4:00,-84.034183,58.945936
2011-04-27 4:30,-84.034963,58.947157
2011-04-27 5:00,-84.016425,58.956152
2011-04-27 5:30,-84.008154,58.960789
2011-04-27 6:00,-84.009057,58.962254
2011-04-27 6:30,-84.010377,58.963767
2011-04-27 7:00,-84.002761,58.968698
2011-04-27 7:30,-83.975259,58.978595
2011-04-27 8:00,-83.954903,58.992257
2011-04-27 8:30,-83.929263,58.991864
2011-04-27 9:00,-83.929618,58.992711
2011-04-27 9:30,-83.9313,58.994065
2011-04-27 10:00,-83.932969,58.995309
2011-04-27 10:30,-83.934715,58.996532
2011-04-27 11:00,-83.9067,58.997093
2011-04-27 11:30,-83.87785,59.000122
2011-04-27 12:00,-83.86057,59.004622
2011-04-27 12:30,-83.836652,59.010764
2011-04-27 13:00,-83.810668,59.023704
2011-04-27 13:30,-83.782552,59.031985
2011-04-27 14:00,-83.772222,59.038049
2011-04-27 14:30,-83.773727,59.040715
2011-04-27 15:00,-83.775457,59.042355
2011-04-27 15:30,-83.776427,59.044565
2011-04-27 16:00,-83.763055,59.047695
2011-04-27 16:30,-83.737816,59.053907
2011-04-27 17:00,-83.710877,59.063518
2011-04-27 17:30,-83.696518,59.073789
2011-04-27 18:00,-83.677163,59.080158
2011-04-27 18:30,-83.676411,59.082997
2011-04-27 19:00,-83.675103,59.085809
2011-04-27 19:30,-83.659731,59.090602
2011-04-27 20:00,-83.627291,59.093681
2011-04-27 20:30,-83.602543,59.089687
2011-04-27 21:00,-83.582742,59.084297
2011-04-27 21:30,-83.57876,59.081479
2011-04-27 22:00,-83.577535,59.08265
2011-04-27 22:30,-83.568699,59.076291
2011-04-27 23:00,-83.550195,59.071659
2011-04-27 23:30,-83.545583,59.059058
2011-04-28 0:00,-83.515781,59.060608
2011-04-28 0:30,-83.486889,59.057632
2011-04-28 1:00,-83.487379,59.057713
2011-04-28 1:30,-83.487896,59.05779
2011-04-28 2:00,-83.488459,59.057804
2011-04-28 2:30,-83.489115,59.057796
2011-04-28 3:00,-83.489266,59.057825
2011-04-28 3:30,-83.489849,59.057841
2011-04-28 4:00,-83.490403,59.057854
2011-04-28 4:30,-83.490907,59.057952
2011-04-28 5:00,-83.491317,59.058115
2011-04-28 5:30,-83.491644,59.058339
2011-04-28 6:00,-83.491749,59.058533
2011-04-28 6:30,-83.491647,59.05896
2011-04-28 7:00,-83.491708,59.059352
2011-04-28 7:30,-83.491544,59.059571
2011-04-28 8:00,-83.491506,59.059772
2011-04-28 8:30,-83.491513,59.059807
2011-04-28 9:00,-83.473784,59.065757
2011-04-28 9:30,-83.451208,59.074483
2011-04-28 10:00,-83.447664,59.08298
2011-04-28 10:30,-83.444535,59.084402
2011-04-28 11:00,-83.438888,59.083994
2011-04-28 11:30,-83.420341,59.093783
2011-04-28 12:00,-83.404891,59.098344
2011-04-28 12:30,-83.389341,59.101018
2011-04-28 13:00,-83.356414,59.101349
2011-04-28 13:30,-83.324563,59.098826
2011-04-28 14:00,-83.296465,59.094946
2011-04-28 14:30,-83.273108,59.094462
2011-04-28 15:00,-83.254381,59.088348
2011-04-28 15:30,-83.256971,59.088079
2011-04-28 16:00,-83.258426,59.087144
2011-04-28 16:30,-83.259899,59.086469
2011-04-28 17:00,-83.257801,59.087609
2011-04-28 17:30,-83.235528,59.08761
2011-04-28 18:00,-83.212101,59.082451
2011-04-28 18:30,-83.19403,59.071471
2011-04-28 19:00,-83.171888,59.060404
2011-04-28 19:30,-83.14803,59.054016
2011-04-28 20:00,-83.126912,59.050726
2011-04-28 20:30,-83.110821,59.04295
2011-04-28 21:00,-83.110554,59.043689
2011-04-28 21:30,-83.111426,59.045327
2011-04-28 22:00,-83.104762,59.049221
2011-04-28 22:30,-83.104633,59.049665
2011-04-28 23:00,-83.104797,59.049941
2011-04-28 23:30,-83.104957,59.05019
2011-04-29 0:00,-83.105502,59.050249
2011-04-29 0:30,-83.105916,59.050229
2011-04-29 1:00,-83.106645,59.050059
2011-04-29 1:30,-83.114136,59.039256
2011-04-29 2:00,-83.122761,59.035434
2011-04-29 2:30,-83.123524,59.03146
2011-04-29 3:00,-83.122256,59.026283
2011-04-29 3:30,-83.123256,59.026211
2011-04-29 4:00,-83.124091,59.026373
2011-04-29 4:30,-83.124925,59.026942
2011-04-29 5:00,-83.125569,59.027464
2011-04-29 5:30,-83.126202,59.028375
2011-04-29 6:00,-83.126745,59.029646
2011-04-29 6:30,-83.127305,59.031221
2011-04-29 7:00,-83.127655,59.033082
2011-04-29 7:30,-83.127703,59.03483
2011-04-29 8:00,-83.127619,59.036711
2011-04-29 8:30,-83.126981,59.038696
2011-04-29 9:00,-83.127775,59.040587
2011-04-29 9:30,-83.127771,59.042419
2011-04-29 10:00,-83.12412,59.044913
2011-04-29 10:30,-83.107833,59.047144
2011-04-29 11:00,-83.110366,59.03426
2011-04-29 11:30,-83.107302,59.034104
2011-04-29 12:00,-83.087069,59.040596
2011-04-29 12:30,-83.071681,59.050173
2011-04-29 13:00,-83.071483,59.050495
2011-04-29 13:30,-83.071489,59.05067
2011-04-29 14:00,-83.071583,59.050806
2011-04-29 14:30,-83.0716,59.050983
2011-04-29 15:00,-83.071764,59.051137
2011-04-29 15:30,-83.072025,59.051294
2011-04-29 16:00,-83.072174,59.051368
2011-04-29 16:30,-83.072313,59.051536
2011-04-29 17:00,-83.072226,59.051688
2011-04-29 17:30,-83.071852,59.051802
2011-04-29 18:00,-83.071129,59.051773
2011-04-29 18:30,-83.070084,59.051557
2011-04-29 19:00,-83.068826,59.051064
2011-04-29 19:30,-83.067443,59.050275
2011-04-29 20:00,-83.066028,59.049107
2011-04-29 20:30,-83.064657,59.047644
2011-04-29 21:00,-83.081288,59.047952
2011-04-29 21:30,-83.098445,59.051783
2011-04-29 22:00,-83.104254,59.062904
2011-04-29 22:30,-83.110029,59.056392
2011-04-29 23:00,-83.116499,59.050253
2011-04-29 23:30,-83.118043,59.042662
2011-04-30 0:00,-83.118569,59.040536
2011-04-30 0:30,-83.118977,59.033261
2011-04-30 1:00,-83.123699,59.028843
2011-04-30 1:30,-83.12522,59.026709
2011-04-30 2:00,-83.123859,59.02248
2011-04-30 2:30,-83.139369,59.015654
2011-04-30 3:00,-83.160893,59.010547
2011-04-30 3:30,-83.182172,59.00116
2011-04-30 4:00,-83.183132,59.008896
2011-04-30 4:30,-83.199808,59.011833
2011-04-30 5:00,-83.18525,59.019643
2011-04-30 5:30,-83.185743,59.018247
2011-04-30 6:00,-83.18765,59.016574
2011-04-30 6:30,-83.189369,59.014936
2011-04-30 7:00,-83.190626,59.013496
2011-04-30 7:30,-83.191664,59.012103
2011-04-30 8:00,-83.192551,59.010788
2011-04-30 8:30,-83.188662,59.009948
2011-04-30 9:00,-83.184069,59.009868
2011-04-30 9:30,-83.168172,59.012448
2011-04-30 10:00,-83.145473,59.017156
2011-04-30 10:30,-83.141131,59.008093
2011-04-30 11:00,-83.149321,59.002394
2011-04-30 11:30,-83.158155,58.999033
2011-04-30 12:00,-83.157473,58.996334
2011-04-30 12:30,-83.152022,58.99363
2011-04-30 13:00,-83.145072,58.991899
2011-04-30 13:30,-83.146476,58.990362
2011-04-30 14:00,-83.147708,58.988849
2011-04-30 14:30,-83.148672,58.987217
2011-04-30 15:00,-83.149399,58.985683
2011-04-30 15:30,-83.150283,58.983885
2011-04-30 16:00,-83.151128,58.982112
2011-04-30 16:30,-83.152242,58.980392
2011-04-30 17:00,-83.153377,58.978667
2011-04-30 17:30,-83.154451,58.977141
2011-04-30 18:00,-83.15558,58.975659
2011-04-30 18:30,-83.156622,58.974264
2011-04-30 19:00,-83.157528,58.972984
2011-04-30 19:30,-83.158349,58.971892
2011-04-30 20:00,-83.158853,58.970945
2011-04-30 20:30,-83.142018,58.968477
2011-04-30 21:00,-83.135076,58.967674
2011-04-30 21:30,-83.109263,58.963063
2011-04-30 22:00,-83.101019,58.967057
2011-04-30 22:30,-83.088368,58.968249
2011-04-30 23:00,-83.058056,58.96889
2011-04-30 23:30,-83.042545,58.974694
2011-05-01 0:00,-83.013747,58.97648
2011-05-01 0:30,-82.979767,58.972199
2011-05-01 1:00,-82.947122,58.963489
2011-05-01 1:30,-82.920933,58.956162
2011-05-01 2:00,-82.921345,58.955481
2011-05-01 2:30,-82.922638,58.955227
2011-05-01 3:00,-82.923997,58.955068
2011-05-01 3:30,-82.907454,58.950812
2011-05-01 4:00,-82.887422,58.946746
2011-05-01 4:30,-82.88753,58.947723
2011-05-01 5:00,-82.877903,58.940778
2011-05-01 5:30,-82.851093,58.93854
2011-05-01 6:00,-82.851926,58.938914
2011-05-01 6:30,-82.846055,58.936412
2011-05-01 7:00,-82.836002,58.935383
2011-05-01 7:30,-82.809519,58.928776
2011-05-01 8:00,-82.787146,58.918089
2011-05-01 8:30,-82.768048,58.90621
2011-05-01 9:00,-82.755186,58.900761
2011-05-01 9:30,-82.741422,58.894081
2011-05-01 10:00,-82.729054,58.883938
2011-05-01 10:30,-82.712864,58.888203
2011-05-01 11:00,-82.701789,58.894134
2011-05-01 11:30,-82.683178,58.88524
2011-05-01 12:00,-82.668055,58.875558
2011-05-01 12:30,-82.665223,58.872299
2011-05-01 13:00,-82.671724,58.872726
2011-05-01 13:30,-82.678345,58.873173
2011-05-01 14:00,-82.685239,58.873599
2011-05-01 14:30,-82.692277,58.873967
2011-05-01 15:00,-82.69921,58.874441
2011-05-01 15:30,-82.706258,58.874643
2011-05-01 16:00,-82.710145,58.871486
2011-05-01 16:30,-82.703327,58.859758
2011-05-01 17:00,-82.699665,58.852658
2011-05-01 17:30,-82.70783,58.852269
2011-05-01 18:00,-82.716452,58.851736
2011-05-01 18:30,-82.725365,58.851072
2011-05-01 19:00,-82.735241,58.850054
2011-05-01 19:30,-82.744689,58.849071
2011-05-01 20:00,-82.753694,58.84864
2011-05-01 20:30,-82.762837,58.848484
2011-05-01 21:00,-82.77149,58.848562
2011-05-01 21:30,-82.780278,58.848783
2011-05-01 22:00,-82.788933,58.848926
2011-05-01 22:30,-82.789551,58.844513
2011-05-01 23:00,-82.774952,58.834389
2011-05-01 23:30,-82.758445,58.829787
2011-05-02 0:00,-82.75252,58.839476
2011-05-02 0:30,-82.743042,58.852491
2011-05-02 1:00,-82.744095,58.854034
2011-05-02 1:30,-82.72286,58.851275
2011-05-02 2:00,-82.696798,58.852459
2011-05-02 2:30,-82.675752,58.867554
2011-05-02 3:00,-82.660889,58.866481
2011-05-02 3:30,-82.654901,58.864712
2011-05-02 4:00,-82.655457,58.860722
2011-05-02 4:30,-82.649603,58.869211
2011-05-02 5:00,-82.649339,58.868624
2011-05-02 5:30,-82.64985,58.866302
2011-05-02 6:00,-82.649155,58.865283
2011-05-02 6:30,-82.648295,58.863811
2011-05-02 7:00,-82.647878,58.861939
2011-05-02 7:30,-82.6461,58.862023
2011-05-02 8:00,-82.643,58.859194
2011-05-02 8:30,-82.643517,58.855406
2011-05-02 9:00,-82.644353,58.850935
2011-05-02 9:30,-82.645089,58.846125
2011-05-02 10:00,-82.630143,58.842916
2011-05-02 10:30,-82.627756,58.834237
2011-05-02 11:00,-82.632457,58.831994
2011-05-02 11:30,-82.63188,58.826106
2011-05-02 12:00,-82.633425,58.821042
2011-05-02 12:30,-82.633301,58.815634
2011-05-02 13:00,-82.633054,58.810225
2011-05-02 13:30,-82.632303,58.804858
2011-05-02 14:00,-82.631251,58.799588
2011-05-02 14:30,-82.629693,58.794368
2011-05-02 15:00,-82.627658,58.789101
2011-05-02 15:30,-82.625774,58.783811
2011-05-02 16:00,-82.62274,58.778432
2011-05-02 16:30,-82.619131,58.773254
2011-05-02 17:00,-82.61523,58.768234
2011-05-02 17:30,-82.61138,58.763361
2011-05-02 18:00,-82.60672,58.758801
2011-05-02 18:30,-82.601943,58.754461
2011-05-02 19:00,-82.596536,58.750448
2011-05-02 19:30,-82.591048,58.746694
2011-05-02 20:00,-82.585011,58.743191
2011-05-02 20:30,-82.578953,58.740039
2011-05-02 21:00,-82.572696,58.737097
2011-05-02 21:30,-82.56635,58.73445
2011-05-02 22:00,-82.555228,58.728498
2011-05-02 22:30,-82.53757,58.726643
2011-05-02 23:00,-82.52243,58.715212
2011-05-02 23:30,-82.526651,58.703853
2011-05-03 0:00,-82.529393,58.688111
2011-05-03 0:30,-82.545041,58.680874
2011-05-03 1:00,-82.552306,58.663953
2011-05-03 1:30,-82.559017,58.647188
2011-05-03 2:00,-82.557416,58.634696
2011-05-03 2:30,-82.557248,58.630057
2011-05-03 3:00,-82.554928,58.627882
2011-05-03 3:30,-82.546877,58.619399
2011-05-03 4:00,-82.558827,58.604337
2011-05-03 4:30,-82.565137,58.588432
2011-05-03 5:00,-82.564443,58.569929
2011-05-03 5:30,-82.575082,58.554647
2011-05-03 6:00,-82.579286,58.545413
2011-05-03 6:30,-82.580543,58.540567
2011-05-03 7:00,-82.57678,58.539646
2011-05-03 7:30,-82.572451,58.539029
2011-05-03 8:00,-82.567936,58.538527
2011-05-03 8:30,-82.5631,58.538298
2011-05-03 9:00,-82.558035,58.538285
2011-05-03 9:30,-82.552832,58.538335
2011-05-03 10:00,-82.547581,58.538566
2011-05-03 10:30,-82.542922,58.536468
2011-05-03 11:00,-82.528649,58.524013
2011-05-03 11:30,-82.521752,58.514263
2011-05-03 12:00,-82.51639,58.514465
2011-05-03 12:30,-82.512639,58.514745
2011-05-03 13:00,-82.507255,58.515439
2011-05-03 13:30,-82.487691,58.513064
2011-05-03 14:00,-82.474006,58.502606
2011-05-03 14:30,-82.459314,58.491217
2011-05-03 15:00,-82.449897,58.484197
2011-05-03 15:30,-82.440822,58.479839
2011-05-03 16:00,-82.435283,58.479451
2011-05-03 16:30,-82.417261,58.466168
2011-05-03 17:00,-82.400481,58.454177
2011-05-03 17:30,-82.386144,58.447318
2011-05-03 18:00,-82.380448,58.447701
2011-05-03 18:30,-82.373666,58.448115
2011-05-03 19:00,-82.367069,58.448695
2011-05-03 19:30,-82.360042,58.449515
2011-05-03 20:00,-82.353258,58.450366
2011-05-03 20:30,-82.347058,58.451302
2011-05-03 21:00,-82.340364,58.452494
2011-05-03 21:30,-82.326519,58.447432
2011-05-03 22:00,-82.318512,58.438512
2011-05-03 22:30,-82.303252,58.427537
2011-05-03 23:00,-82.299814,58.420002
2011-05-03 23:30,-82.29468,58.406936
2011-05-04 0:00,-82.281179,58.394638
2011-05-04 0:30,-82.273538,58.38406
2011-05-04 1:00,-82.278978,58.370846
2011-05-04 1:30,-82.288883,58.358071
2011-05-04 2:00,-82.298016,58.343257
2011-05-04 2:30,-82.305246,58.33916
2011-05-04 3:00,-82.324303,58.341585
2011-05-04 3:30,-82.326085,58.34101
2011-05-04 4:00,-82.324369,58.343426
2011-05-04 4:30,-82.336015,58.340408
2011-05-04 5:00,-82.337142,58.323717
2011-05-04 5:30,-82.342413,58.309438
2011-05-04 6:00,-82.368381,58.299811
2011-05-04 6:30,-82.353742,58.288321
2011-05-04 7:00,-82.339191,58.276697
2011-05-04 7:30,-82.325894,58.26322
2011-05-04 8:00,-82.31345,58.248224
2011-05-04 8:30,-82.30909,58.246225
2011-05-04 9:00,-82.308282,58.246559
2011-05-04 9:30,-82.30778,58.246859
2011-05-04 10:00,-82.307437,58.247163
2011-05-04 10:30,-82.307127,58.247503
2011-05-04 11:00,-82.306762,58.247786
2011-05-04 11:30,-82.306536,58.248197
2011-05-04 12:00,-82.306253,58.248564
2011-05-04 12:30,-82.30625,58.248894
2011-05-04 13:00,-82.30628,58.249039
2011-05-04 13:30,-82.306541,58.249244
2011-05-04 14:00,-82.307039,58.249431
2011-05-04 14:30,-82.307004,58.249361
2011-05-04 15:00,-82.307849,58.249564
2011-05-04 15:30,-82.30749,58.249378
2011-05-04 16:00,-82.315016,58.248389
2011-05-04 16:30,-82.31777,58.250362
2011-05-04 17:00,-82.319176,58.247169
2011-05-04 17:30,-82.337754,58.247283
2011-05-04 18:00,-82.363332,58.253959
2011-05-04 18:30,-82.385034,58.255481
2011-05-04 19:00,-82.401851,58.262277
2011-05-04 19:30,-82.401341,58.262907
2011-05-04 20:00,-82.400573,58.263585
2011-05-04 20:30,-82.399665,58.264291
2011-05-04 21:00,-82.398659,58.265016
2011-05-04 21:30,-82.397431,58.266093
2011-05-04 22:00,-82.396199,58.267201
2011-05-04 22:30,-82.395158,58.268284
2011-05-04 23:00,-82.394419,58.269459
2011-05-04 23:30,-82.394056,58.270465
2011-05-05 0:00,-82.394129,58.271444