time,x,y,u10,v10
2011-04-05 0:00,-84.777468,57.807159,4.145932439,-1.02952617
2011-04-05 0:30,-84.794602,57.811901,3.802618821,-1.234876436
2011-04-05 1:00,-84.789959,57.819312,3.459305202,-1.440226702
2011-04-05 1:30,-84.76924,57.834194,3.161017819,-1.688114787
2011-04-05 2:00,-84.775832,57.843431,2.862730435,-1.936002871
2011-04-05 2:30,-84.754342,57.854473,2.645840696,-2.060120451
2011-04-05 3:00,-84.74282,57.865452,2.428950957,-2.18423803
2011-04-05 3:30,-84.728486,57.865735,2.242709623,-2.238599342
2011-04-05 4:00,-84.726024,57.871031,2.056468288,-2.292960655
2011-04-05 4:30,-84.720386,57.887164,1.976156427,-2.41549283
2011-04-05 5:00,-84.710512,57.894738,1.895844566,-2.538025005
2011-04-05 5:30,-84.710366,57.89221,1.639217299,-3.138854418
2011-04-05 6:00,-84.710557,57.890109,1.382590033,-3.73968383
2011-04-05 6:30,-84.710309,57.887696,1.053099856,-4.371716188
2011-04-05 7:00,-84.709488,57.885197,0.723609679,-5.003748545
2011-04-05 7:30,-84.708071,57.88254,0.758849304,-5.142875915
2011-04-05 8:00,-84.704949,57.884975,0.794088929,-5.282003285
2011-04-05 8:30,-84.680618,57.889605,0.82510893,-5.28791597
2011-04-05 9:00,-84.650639,57.889154,0.85612893,-5.293828656
2011-04-05 9:30,-84.627523,57.895602,1.160322007,-5.188545285
2011-04-05 10:00,-84.625394,57.893547,1.464515084,-5.083261915
2011-04-05 10:30,-84.623407,57.891624,1.657834325,-5.18597771
2011-04-05 11:00,-84.621674,57.889861,1.851153567,-5.288693505
2011-04-05 11:30,-84.612406,57.894058,1.75595383,-5.585763961
2011-04-05 12:00,-84.603405,57.896499,1.660754094,-5.882834418
2011-04-05 12:30,-84.609746,57.895496,1.461987963,-6.131602064
2011-04-05 13:00,-84.602476,57.893574,1.263221832,-6.38036971
2011-04-05 13:30,-84.597607,57.891857,1.141011803,-6.649516151
2011-04-05 14:00,-84.600729,57.888306,1.018801775,-6.918662592
2011-04-05 14:30,-84.60179,57.886398,0.941256464,-7.229589483
2011-04-05 15:00,-84.603273,57.884227,0.863711153,-7.540516375
2011-04-05 15:30,-84.60486,57.881661,0.876871253,-7.389674563
2011-04-05 16:00,-84.606773,57.878735,0.890031353,-7.238832752
2011-04-05 16:30,-84.608372,57.875682,1.094589382,-6.780407599
2011-04-05 17:00,-84.60961,57.872241,1.299147411,-6.321982446
2011-04-05 17:30,-84.610596,57.868581,1.458372723,-6.348795077
2011-04-05 18:00,-84.611248,57.864663,1.617598035,-6.375607708
2011-04-05 18:30,-84.611464,57.860657,1.819992433,-6.325047181
2011-04-05 19:00,-84.610964,57.856511,2.022386831,-6.274486654
2011-04-05 19:30,-84.609902,57.852482,2.200489528,-6.28638171
2011-04-05 20:00,-84.6102,57.849773,2.378592225,-6.298276766
2011-04-05 20:30,-84.605238,57.842977,2.579038107,-6.313498078
2011-04-05 21:00,-84.602592,57.839376,2.779483988,-6.32871939
2011-04-05 21:30,-84.599944,57.836328,2.934499381,-6.340533956
2011-04-05 22:00,-84.597602,57.833528,3.089514774,-6.352348521
2011-04-05 22:30,-84.593071,57.831516,2.968357885,-6.444088281
2011-04-05 23:00,-84.579465,57.834513,2.847200995,-6.53582804
2011-04-05 23:30,-84.569679,57.839356,2.758056136,-6.397035831
2011-04-06 0:00,-84.569161,57.838653,2.668911277,-6.258243622
2011-04-06 0:30,-84.565689,57.840019,2.606050068,-6.151727316
2011-04-06 1:00,-84.546138,57.846437,2.543188858,-6.045211011
2011-04-06 1:30,-84.528019,57.851764,2.506472223,-5.870808165
2011-04-06 2:00,-84.531526,57.851987,2.469755587,-5.696405319
2011-04-06 2:30,-84.534096,57.857078,2.487332155,-5.450327705
2011-04-06 3:00,-84.54637,57.865401,2.504908722,-5.204250092
2011-04-06 3:30,-84.532856,57.869697,2.651626247,-4.984592414
2011-04-06 4:00,-84.535803,57.86911,2.798343772,-4.764934736
2011-04-06 4:30,-84.538406,57.867809,3.007456453,-4.617114261
2011-04-06 5:00,-84.53646,57.871015,3.216569134,-4.469293786
2011-04-06 5:30,-84.527461,57.880636,3.360162335,-4.363526046
2011-04-06 6:00,-84.531686,57.879955,3.503755536,-4.257758305
2011-04-06 6:30,-84.53235,57.878708,3.565563259,-4.126453749
2011-04-06 7:00,-84.532131,57.87737,3.627370982,-3.995149193
2011-04-06 7:30,-84.531066,57.876063,3.676419923,-3.873154227
2011-04-06 8:00,-84.531204,57.87539,3.725468864,-3.751159261
2011-04-06 8:30,-84.534301,57.87602,3.665155909,-3.650312183
2011-04-06 9:00,-84.531234,57.875187,3.604842955,-3.549465106
2011-04-06 9:30,-84.527799,57.874643,3.410960404,-3.425011687
2011-04-06 10:00,-84.522202,57.881557,3.217077853,-3.300558268
2011-04-06 10:30,-84.53358,57.894821,3.035613788,-3.272103246
2011-04-06 11:00,-84.532394,57.905614,2.854149723,-3.243648224
2011-04-06 11:30,-84.528449,57.916255,2.444680212,-3.098406092
2011-04-06 12:00,-84.522347,57.919244,2.035210701,-2.95316396
2011-04-06 12:30,-84.51692,57.920604,1.63432359,-2.683251255
2011-04-06 13:00,-84.50459,57.923849,1.233436479,-2.413338551
2011-04-06 13:30,-84.497822,57.926031,1.043567406,-2.129739253
2011-04-06 14:00,-84.496763,57.926443,0.853698333,-1.846139956
2011-04-06 14:30,-84.496175,57.926693,0.737726907,-1.618686291
2011-04-06 15:00,-84.496067,57.926802,0.621755481,-1.391232625
2011-04-06 15:30,-84.496024,57.926621,0.471101407,-1.181389351
2011-04-06 16:00,-84.495989,57.926192,0.320447333,-0.971546078
2011-04-06 16:30,-84.495865,57.925508,0.113506581,-0.705639051
2011-04-06 17:00,-84.495697,57.924548,-0.093434171,-0.439732025
2011-04-06 17:30,-84.495021,57.923261,-0.309048859,-0.121615689
2011-04-06 18:00,-84.493831,57.92167,-0.524663548,0.196500647
2011-04-06 18:30,-84.492123,57.919952,-0.352767662,0.15453201
2011-04-06 19:00,-84.490362,57.918143,-0.180871777,0.112563372
2011-04-06 19:30,-84.488302,57.916333,1.756342143,-1.414927465
2011-04-06 20:00,-84.485932,57.914656,3.693556063,-2.942418302
2011-04-06 20:30,-84.48368,57.913248,3.785051077,-2.769893354
2011-04-06 21:00,-84.481577,57.912127,3.876546091,-2.597368406
2011-04-06 21:30,-84.475658,57.920064,3.82499248,-2.547394603
2011-04-06 22:00,-84.47699,57.930726,3.773438869,-2.4974208
2011-04-06 22:30,-84.478761,57.941035,3.5710396,-2.367405009
2011-04-06 23:00,-84.47564,57.955311,3.36864033,-2.237389219
2011-04-06 23:30,-84.473916,57.96824,3.012502899,-2.133740629
2011-04-07 0:00,-84.473558,57.969568,2.656365467,-2.03009204
2011-04-07 0:30,-84.476313,57.973062,2.22289806,-1.802337014
2011-04-07 1:00,-84.497675,57.980525,1.789430652,-1.574581988
2011-04-07 1:30,-84.525358,57.992864,1.270532858,-1.221947504
2011-04-07 2:00,-84.530821,57.994286,0.751635063,-0.86931302
2011-04-07 2:30,-84.53936,57.991339,0.492577731,-0.408217108
2011-04-07 3:00,-84.528399,57.998639,0.233520399,0.052878805
2011-04-07 3:30,-84.529009,58.000055,-0.286880267,0.589507009
2011-04-07 4:00,-84.542408,57.99661,-0.807280933,1.126135213
2011-04-07 4:30,-84.549136,57.988373,-0.942453329,1.624055235
2011-04-07 5:00,-84.564742,57.989714,-1.077625725,2.121975256
2011-04-07 5:30,-84.566659,57.99002,-0.975362834,2.569365464
2011-04-07 6:00,-84.57663,57.98817,-0.873099944,3.016755671
2011-04-07 6:30,-84.567989,57.984006,-0.750282933,3.305410864
2011-04-07 7:00,-84.574646,57.980138,-0.627465922,3.594066057
2011-04-07 7:30,-84.574861,57.979797,-0.513627502,3.707987767
2011-04-07 8:00,-84.574721,57.979414,-0.399789083,3.821909477
2011-04-07 8:30,-84.574306,57.979102,-0.460603152,3.834361285
2011-04-07 9:00,-84.573461,57.978767,-0.521417222,3.846813093
2011-04-07 9:30,-84.572143,57.978727,-0.841369586,3.826885327
2011-04-07 10:00,-84.57059,57.97887,-1.16132195,3.806957561
2011-04-07 10:30,-84.56888,57.979187,-0.886833988,3.957408875
2011-04-07 11:00,-84.567093,57.979834,-0.612346026,4.107860189
2011-04-07 11:30,-84.565526,57.980822,-0.618136345,3.971302855
2011-04-07 12:00,-84.564292,57.98211,-0.623926663,3.83474552
2011-04-07 12:30,-84.563413,57.983788,-0.733220576,3.761956466
2011-04-07 13:00,-84.565776,57.983794,-0.842514488,3.689167411
2011-04-07 13:30,-84.561083,57.984051,-1.089534626,3.670448867
2011-04-07 14:00,-84.561853,57.986339,-1.336554764,3.651730323
2011-04-07 14:30,-84.562195,57.988631,-2.17851667,4.550260963
2011-04-07 15:00,-84.561554,57.991211,-3.020478577,5.448791604
2011-04-07 15:30,-84.559534,57.994922,-2.957959974,5.724457095
2011-04-07 16:00,-84.561234,57.992803,-2.895441371,6.000122586
2011-04-07 16:30,-84.576503,57.986169,-2.828931112,6.231390708
2011-04-07 17:00,-84.580818,57.986408,-2.762420852,6.46265883
2011-04-07 17:30,-84.582661,57.988193,-2.669623832,6.588574811
2011-04-07 18:00,-84.587882,57.987671,-2.576826812,6.714490792
2011-04-07 18:30,-84.598725,57.981859,-2.480221634,6.725897157
2011-04-07 19:00,-84.610053,57.98181,-2.383616455,6.737303522
2011-04-07 19:30,-84.611383,57.982456,-2.236591141,6.772346269
2011-04-07 20:00,-84.611717,57.983641,-2.089565827,6.807389016
2011-04-07 20:30,-84.628506,57.976918,-1.889976239,6.466181124
2011-04-07 21:00,-84.653962,57.974234,-1.69038665,6.124973232
2011-04-07 21:30,-84.665954,57.970954,-1.559070139,5.863114028
2011-04-07 22:00,-84.676547,57.969285,-1.427753628,5.601254823
2011-04-07 22:30,-84.674372,57.970627,-1.367390496,5.306190701
2011-04-07 23:00,-84.672232,57.972104,-1.307027364,5.01112658
2011-04-07 23:30,-84.670125,57.973633,-1.412152613,4.895799312
2011-04-08 0:00,-84.669681,57.971193,-1.517277862,4.780472044
2011-04-08 0:30,-84.672385,57.971961,-1.610260225,4.784288743
2011-04-08 1:00,-84.671695,57.973981,-1.703242588,4.788105443
2011-04-08 1:30,-84.678613,57.976173,-1.726237601,4.812455918
2011-04-08 2:00,-84.67665,57.986821,-1.749232615,4.836806393
2011-04-08 2:30,-84.663165,57.999633,-1.631190755,4.852020183
2011-04-08 3:00,-84.646356,58.00771,-1.513148894,4.867233973
2011-04-08 3:30,-84.633679,57.993039,-1.34469284,4.738446251
2011-04-08 4:00,-84.610116,57.999199,-1.176236786,4.609658529
2011-04-08 4:30,-84.603728,58.003927,-0.988358114,4.446144278
2011-04-08 5:00,-84.581345,58.010178,-0.800479442,4.282630028
2011-04-08 5:30,-84.553933,58.019978,-0.717763237,4.243844554
2011-04-08 6:00,-84.539491,58.01351,-0.635047031,4.205059081
2011-04-08 6:30,-84.54022,58.013986,-0.533627831,4.204793747
2011-04-08 7:00,-84.536685,58.018313,-0.432208631,4.204528414
2011-04-08 7:30,-84.525139,58.017557,-0.270502361,4.194912666
2011-04-08 8:00,-84.504008,58.020633,-0.108796092,4.185296917
2011-04-08 8:30,-84.498064,58.02068,0.008871141,4.105067774
2011-04-08 9:00,-84.497158,58.02101,0.126538373,4.024838632
2011-04-08 9:30,-84.495713,58.0215,-0.238328186,3.258775889
2011-04-08 10:00,-84.493656,58.022121,-0.603194746,2.492713146
2011-04-08 10:30,-84.491169,58.022906,-0.901876515,1.000973938
2011-04-08 11:00,-84.488596,58.023996,-1.200558285,-0.490765269
2011-04-08 11:30,-84.466082,58.025984,-1.095117656,-0.670196405
2011-04-08 12:00,-84.443891,58.029802,-0.989677027,-0.849627541
2011-04-08 12:30,-84.421982,58.026598,-1.067037758,-0.91142372
2011-04-08 13:00,-84.398139,58.030419,-1.14439849,-0.973219898
2011-04-08 13:30,-84.393902,58.033551,-1.264197168,-0.945890239
2011-04-08 14:00,-84.382915,58.034262,-1.383995846,-0.918560579
2011-04-08 14:30,-84.372172,58.040973,-1.444368492,-0.700482975
2011-04-08 15:00,-84.37135,58.043318,-1.504741138,-0.48240537
2011-04-08 15:30,-84.368455,58.046282,-1.421228324,-0.19573021
2011-04-08 16:00,-84.35249,58.049014,-1.337715509,0.09094495
2011-04-08 16:30,-84.339815,58.047913,-1.022073168,0.343014082
2011-04-08 17:00,-84.339129,58.049902,-0.706430826,0.595083215
2011-04-08 17:30,-84.338338,58.051802,-0.231813481,0.813685899
2011-04-08 18:00,-84.337347,58.053579,0.242803863,1.032288583
2011-04-08 18:30,-84.335578,58.055186,0.937008241,1.039623866
2011-04-08 19:00,-84.333139,58.056551,1.63121262,1.046959149
2011-04-08 19:30,-84.33054,58.057804,1.675077205,1.131231829
2011-04-08 20:00,-84.327332,58.058873,1.71894179,1.215504509
2011-04-08 20:30,-84.323666,58.060004,1.685978494,3.13159989
2011-04-08 21:00,-84.319783,58.061228,1.653015198,5.047695272
2011-04-08 21:30,-84.315305,58.062507,1.750744852,6.128434721
2011-04-08 22:00,-84.304451,58.063414,1.848474505,7.20917417
2011-04-08 22:30,-84.299811,58.064997,2.728168909,7.078651716
2011-04-08 23:00,-84.294854,58.066707,3.607863313,6.948129262
2011-04-08 23:30,-84.290143,58.068486,4.168403601,6.463049654
2011-04-09 0:00,-84.285487,58.07032,4.72894389,5.977970045
2011-04-09 0:30,-84.280287,58.069088,4.883870133,5.319888446
2011-04-09 1:00,-84.275929,58.059062,5.038796376,4.661806846
2011-04-09 1:30,-84.268164,58.048099,5.134500666,3.995626652
2011-04-09 2:00,-84.282288,58.054282,5.230204955,3.329446458
2011-04-09 2:30,-84.279228,58.069305,5.414886005,2.316940431
2011-04-09 3:00,-84.276495,58.070598,5.599567054,1.304434404
2011-04-09 3:30,-84.274336,58.071555,5.318160405,0.878508467
2011-04-09 4:00,-84.272919,58.072109,5.036753756,0.452582531
2011-04-09 4:30,-84.273594,58.073792,4.748877265,0.632709965
2011-04-09 5:00,-84.276599,58.082883,4.461000773,0.812837399
2011-04-09 5:30,-84.296023,58.086046,4.496343887,0.56354682
2011-04-09 6:00,-84.300843,58.085341,4.531687001,0.31425624
2011-04-09 6:30,-84.289552,58.087828,4.445514654,-0.077700609
2011-04-09 7:00,-84.286268,58.090525,4.359342307,-0.469657457
2011-04-09 7:30,-84.28597,58.089946,4.131756122,-0.562158542
2011-04-09 8:00,-84.290843,58.093225,3.904169938,-0.654659626
2011-04-09 8:30,-84.291043,58.085801,3.645688918,-0.417564069
2011-04-09 9:00,-84.291014,58.08512,3.387207897,-0.180468513
2011-04-09 9:30,-84.290756,58.084561,3.060394016,0.210895764
2011-04-09 10:00,-84.296301,58.081124,2.733580134,0.602260041
2011-04-09 10:30,-84.295644,58.081152,2.55052534,0.60572137
2011-04-09 11:00,-84.296533,58.080311,2.367470545,0.609182698
2011-04-09 11:30,-84.295201,58.080981,2.244535918,1.427264675
2011-04-09 12:00,-84.30325,58.083636,2.12160129,2.245346651
2011-04-09 12:30,-84.31632,58.094728,1.686294974,3.901999263
2011-04-09 13:00,-84.318958,58.100781,1.250988657,5.558651875
2011-04-09 13:30,-84.318539,58.102561,1.319501506,6.270202539
2011-04-09 14:00,-84.318492,58.104437,1.388014355,6.981753203
2011-04-09 14:30,-84.31819963,58.10497912,2.075407736,2.824599871
2011-04-09 15:00,-84.318039,58.109769,2.433836269,7.139556743
2011-04-09 15:30,-84.317726,58.12183,2.815845349,5.712299838
2011-04-09 16:00,-84.319871,58.128588,3.19785443,4.285042934
2011-04-09 16:30,-84.338187,58.130437,2.945878034,4.026302823
2011-04-09 17:00,-84.336961,58.131805,2.693901638,3.767562712
2011-04-09 17:30,-84.336297,58.133249,2.788517084,4.421735707
2011-04-09 18:00,-84.335529,58.134624,2.88313253,5.075908703
2011-04-09 18:30,-84.334649,58.135939,4.05293457,5.705911709
2011-04-09 19:00,-84.333803,58.137327,5.222736609,6.335914715
2011-04-09 19:30,-84.332828,58.138686,5.645087776,6.109611332
2011-04-09 20:00,-84.331361,58.140083,6.067438942,5.883307949
2011-04-09 20:30,-84.329458,58.141521,6.218539651,5.518529464
2011-04-09 21:00,-84.32714,58.143075,6.369640359,5.153750978
2011-04-09 21:30,-84.331778,58.145834,6.476556655,4.855322034
2011-04-09 22:00,-84.328323,58.147877,6.583472951,4.55689309
2011-04-09 22:30,-84.344328,58.149067,6.692246864,4.358103263
2011-04-09 23:00,-84.355649,58.148732,6.801020778,4.159313436
2011-04-09 23:30,-84.355647,58.151504,7.234206828,3.875241045
2011-04-10 0:00,-84.351007,58.154032,7.667392877,3.591168654
2011-04-10 0:30,-84.346117,58.156703,7.193139189,4.680523886
2011-04-10 1:00,-84.341347,58.15945,6.7188855,5.769879117
2011-04-10 1:30,-84.336527,58.162312,6.841548052,6.360343541
2011-04-10 2:00,-84.331738,58.165026,6.964210604,6.950807966
2011-04-10 2:30,-84.327304,58.167401,7.68911406,6.089282008
2011-04-10 3:00,-84.365148,58.155975,8.414017517,5.22775605
2011-04-10 3:30,-84.406018,58.144459,8.621175017,4.240824736
2011-04-10 4:00,-84.403084,58.145678,8.828332518,3.253893421
2011-04-10 4:30,-84.400253,58.14651,8.632313711,2.806546033
2011-04-10 5:00,-84.401334,58.152599,8.436294903,2.359198645
2011-04-10 5:30,-84.398337,58.151879,8.652350103,1.890267445
2011-04-10 6:00,-84.39546,58.150452,8.868405304,1.421336245
2011-04-10 6:30,-84.392267,58.148301,9.053228961,0.736987106
2011-04-10 7:00,-84.388869,58.145564,9.238052619,0.052637966
2011-04-10 7:30,-84.384984,58.142231,9.300601231,-0.715424824
2011-04-10 8:00,-84.367812,58.13588,9.363149843,-1.483487615
2011-04-10 8:30,-84.357934,58.126811,9.323795977,-2.265992214
2011-04-10 9:00,-84.3507,58.118732,9.284442111,-3.048496813
2011-04-10 9:30,-84.347359,58.115424,9.02259673,-3.570722255
2011-04-10 10:00,-84.344231,58.112246,8.760751349,-4.092947698
2011-04-10 10:30,-84.340959,58.10932,8.683822094,-4.624234176
2011-04-10 11:00,-84.337825,58.106815,8.606892839,-5.155520654
2011-04-10 11:30,-84.334645,58.104628,8.398684306,-5.282150883
2011-04-10 12:00,-84.331472,58.102895,8.190475773,-5.408781113
2011-04-10 12:30,-84.328235,58.101505,7.940981507,-5.372861512
2011-04-10 13:00,-84.32803,58.096771,7.69148724,-5.336941911
2011-04-10 13:30,-84.34279,58.097148,7.406031581,-5.390908472
2011-04-10 14:00,-84.346707,58.091665,7.120575922,-5.444875033
2011-04-10 14:30,-84.364174,58.09021,7.068727642,-4.927589722
2011-04-10 15:00,-84.377803,58.083855,7.016879362,-4.410304412
2011-04-10 15:30,-84.379266,58.069814,7.258457407,-3.846847745
2011-04-10 16:00,-84.387825,58.0551,7.500035453,-3.283391077
2011-04-10 16:30,-84.38644,58.053438,7.594758896,-3.349209936
2011-04-10 17:00,-84.385833,58.05293,7.68948234,-3.415028795
2011-04-10 17:30,-84.386024,58.0517,7.619650364,-3.490304991
2011-04-10 18:00,-84.385407,58.05072,7.549818388,-3.565581188
2011-04-10 18:30,-84.384451,58.049378,7.485185516,-3.629064255
2011-04-10 19:00,-84.383393,58.047542,7.420552644,-3.692547322
2011-04-10 19:30,-84.382182,58.045311,7.200473604,-3.886181714
2011-04-10 20:00,-84.380612,58.042713,6.980394564,-4.079816107
2011-04-10 20:30,-84.379565,58.039876,6.755650371,-4.253190932
2011-04-10 21:00,-84.378712,58.036812,6.530906178,-4.426565758
2011-04-10 21:30,-84.377998,58.033753,6.174590321,-4.723202699
2011-04-10 22:00,-84.377675,58.031051,5.818274465,-5.01983964
2011-04-10 22:30,-84.377752,58.028694,5.296249386,-5.418522432
2011-04-10 23:00,-84.389355,58.02012,4.774224308,-5.817205225
2011-04-10 23:30,-84.393576,58.016093,4.283900697,-5.915195947
2011-04-11 0:00,-84.414644,58.010303,3.793577086,-6.013186669
2011-04-11 0:30,-84.405615,57.994214,3.436389954,-5.887035028
2011-04-11 1:00,-84.416372,57.984051,3.079202821,-5.760883387
2011-04-11 1:30,-84.426884,57.973436,2.76288825,-5.605644686
2011-04-11 2:00,-84.44267,57.956931,2.446573679,-5.450405984
2011-04-11 2:30,-84.463156,57.955373,1.584461167,-5.198462836
2011-04-11 3:00,-84.492731,57.958336,0.722348654,-4.946519689
2011-04-11 3:30,-84.506714,57.960531,0.573847883,-4.646758723
2011-04-11 4:00,-84.507703,57.961008,0.425347112,-4.346997758
2011-04-11 4:30,-84.508585,57.961267,0.452088955,-4.208564341
2011-04-11 5:00,-84.509515,57.96125,0.478830798,-4.070130925
2011-04-11 5:30,-84.509852,57.960851,0.726458955,-4.534415503
2011-04-11 6:00,-84.511161,57.959866,0.974087113,-4.99870008
2011-04-11 6:30,-84.511211,57.959042,0.858704206,-5.466918989
2011-04-11 7:00,-84.511876,57.957495,0.7433213,-5.935137898
2011-04-11 7:30,-84.512632,57.955808,0.497623862,-6.107937685
2011-04-11 8:00,-84.513456,57.954084,0.251926424,-6.280737471
2011-04-11 8:30,-84.514124,57.952345,-0.250497689,-5.584721337
2011-04-11 9:00,-84.514688,57.950665,-0.752921803,-4.888705202
2011-04-11 9:30,-84.51525,57.94918,-1.063596071,-4.782991333
2011-04-11 10:00,-84.515815,57.947829,-1.374270339,-4.677277463
2011-04-11 10:30,-84.51587,57.946395,-1.352685121,-4.787837755
2011-04-11 11:00,-84.516121,57.945314,-1.331099902,-4.898398047
2011-04-11 11:30,-84.515589,57.944295,-1.392254553,-5.153009437
2011-04-11 12:00,-84.514656,57.943327,-1.453409204,-5.407620827
2011-04-11 12:30,-84.513321,57.942977,-1.540637267,-5.517401916
2011-04-11 13:00,-84.509351,57.943537,-1.627865329,-5.627183005
2011-04-11 13:30,-84.511785,57.941141,-1.838538845,-5.402971091
2011-04-11 14:00,-84.511619,57.940605,-2.049212361,-5.178759176
2011-04-11 14:30,-84.511434,57.940098,-2.090703272,-4.89392882
2011-04-11 15:00,-84.511761,57.939755,-2.132194183,-4.609098463
2011-04-11 15:30,-84.512379,57.939562,-1.878022212,-4.401034414
2011-04-11 16:00,-84.513303,57.939464,-1.623850241,-4.192970365
2011-04-11 16:30,-84.514093,57.939525,-1.177145611,-3.972612557
2011-04-11 17:00,-84.515063,57.939596,-0.730440981,-3.752254749
2011-04-11 17:30,-84.515873,57.93947,-0.401051583,-3.464926694
2011-04-11 18:00,-84.51642,57.93934,-0.071662184,-3.177598638
2011-04-11 18:30,-84.516504,57.938955,0.168326723,-2.967091405
2011-04-11 19:00,-84.516235,57.938354,0.40831563,-2.756584171
2011-04-11 19:30,-84.515662,57.937437,0.843953215,-2.772844277
2011-04-11 20:00,-84.514851,57.936253,1.2795908,-2.789104384
2011-04-11 20:30,-84.513698,57.934826,1.624654323,-2.853706351
2011-04-11 21:00,-84.512499,57.933166,1.969717846,-2.918308319
2011-04-11 21:30,-84.511775,57.931452,1.943144705,-2.861145931
2011-04-11 22:00,-84.510934,57.929779,1.916571564,-2.803983544
2011-04-11 22:30,-84.509889,57.928277,1.593647623,-2.571871492
2011-04-11 23:00,-84.509236,57.927112,1.270723682,-2.339759441
2011-04-11 23:30,-84.508331,57.92629,1.323596376,-2.009621291
2011-04-12 0:00,-84.507264,57.925581,1.376469071,-1.679483142
2011-04-12 0:30,-84.506365,57.925246,1.428921812,-1.267087914
2011-04-12 1:00,-84.5054,57.925286,1.481374553,-0.854692687
2011-04-12 1:30,-84.50449,57.925592,1.817687537,-0.646584499
2011-04-12 2:00,-84.504066,57.926158,2.15400052,-0.438476311
2011-04-12 2:30,-84.503358,57.927014,2.587578589,-0.365544017
2011-04-12 3:00,-84.502823,57.928111,3.021156657,-0.292611724
2011-04-12 3:30,-84.502244,57.929469,3.142207151,-0.212676483
2011-04-12 4:00,-84.502361,57.930856,3.263257646,-0.132741242
2011-04-12 4:30,-84.502777,57.933239,3.402867664,-0.138179778
2011-04-12 5:00,-84.507346,57.93585,3.542477682,-0.143618314
2011-04-12 5:30,-84.523545,57.937856,3.744259317,-0.23378083
2011-04-12 6:00,-84.53048,57.941521,3.946040953,-0.323943346
2011-04-12 6:30,-84.530814,57.942611,3.728226417,-0.316039248
2011-04-12 7:00,-84.531506,57.943394,3.51041188,-0.30813515
2011-04-12 7:30,-84.532377,57.943999,2.970794001,-1.902949676
2011-04-12 8:00,-84.533063,57.944376,2.431176122,-3.497764203
2011-04-12 8:30,-84.533456,57.944361,2.110992313,-4.164472346
2011-04-12 9:00,-84.533495,57.943998,1.790808503,-4.83118049
2011-04-12 9:30,-84.532623,57.943286,1.53978679,-4.946649681
2011-04-12 10:00,-84.531791,57.942274,1.288765077,-5.062118873
2011-04-12 10:30,-84.526846,57.942767,1.139408591,-5.140065806
2011-04-12 11:00,-84.526404,57.941595,0.990052105,-5.218012739
2011-04-12 11:30,-84.524875,57.941073,0.817927683,-5.479298788
2011-04-12 12:00,-84.520519,57.942284,0.645803261,-5.740584836
2011-04-12 12:30,-84.52109223,57.93900621,2.252196279,-3.397667502
2011-04-12 13:00,-84.529604,57.935274,0.595140599,-6.053027235
2011-04-12 13:30,-84.541958,57.935348,0.700090246,-6.152997377
2011-04-12 14:00,-84.541398,57.934085,0.805039893,-6.252967519
2011-04-12 14:30,-84.543562,57.933926,0.561694882,-6.3244832
2011-04-12 15:00,-84.549154,57.938511,0.31834987,-6.395998881
2011-04-12 15:30,-84.551489,57.938599,0.25129795,-6.232313496
2011-04-12 16:00,-84.549623,57.934482,0.184246031,-6.068628111
2011-04-12 16:30,-84.550772,57.933461,0.123838764,-5.93094565
2011-04-12 17:00,-84.552321,57.93252,0.063431497,-5.793263189
2011-04-12 17:30,-84.55698382,57.93086511,0.805154125,-5.032195712
2011-04-12 18:00,-84.567415,57.929926,0.150525055,-5.551381546
2011-04-12 18:30,-84.580965,57.930292,0.267068875,-5.26807132
2011-04-12 19:00,-84.583236,57.929341,0.383612695,-4.984761095
2011-04-12 19:30,-84.585617,57.928358,0.079961625,-4.975440481
2011-04-12 20:00,-84.588167,57.92724,-0.223689446,-4.966119867
2011-04-12 20:30,-84.59069,57.925961,-0.568773629,-4.997992575
2011-04-12 21:00,-84.593331,57.924576,-0.913857812,-5.029865282
2011-04-12 21:30,-84.596369,57.923167,-1.434433646,-5.079693995
2011-04-12 22:00,-84.599247,57.921731,-1.955009479,-5.129522707
2011-04-12 22:30,-84.6026,57.920285,-2.327709203,-5.067922299
2011-04-12 23:00,-84.60577,57.918849,-2.700408927,-5.006321892
2011-04-12 23:30,-84.612439,57.919417,-3.143113924,-5.025646124
2011-04-13 0:00,-84.628487,57.92628,-3.585818921,-5.044970357
2011-04-13 0:30,-84.638029,57.931294,-3.753904633,-5.272867082
2011-04-13 1:00,-84.656208,57.936819,-3.921990344,-5.500763806
2011-04-13 1:30,-84.650592,57.943553,-4.055765835,-5.709274779
2011-04-13 2:00,-84.640858,57.95356,-4.189541327,-5.917785752
2011-04-13 2:30,-84.644764,57.954474,-3.877050835,-6.323121564
2011-04-13 3:00,-84.673815,57.951093,-3.564560343,-6.728457376
2011-04-13 3:30,-84.694978,57.940834,-2.721433214,-7.150658452
2011-04-13 4:00,-84.718403,57.944782,-1.878306084,-7.572859528
2011-04-13 4:30,-84.736399,57.949267,-1.8529665,-7.757828728
2011-04-13 5:00,-84.747014,57.959782,-1.827626916,-7.942797928
2011-04-13 5:30,-84.743709,57.970125,-1.598392877,-7.904308843
2011-04-13 6:00,-84.755877,57.980622,-1.369158838,-7.865819757
2011-04-13 6:30,-84.74629,57.990467,-1.066243332,-7.839172751
2011-04-13 7:00,-84.740222,57.986836,-0.763327825,-7.812525745
2011-04-13 7:30,-84.74566,57.985524,-0.380879203,-7.854885418
2011-04-13 8:00,-84.750769,57.984065,0.00156942,-7.897245091
2011-04-13 8:30,-84.755653,57.982367,0.445139552,-7.907728792
2011-04-13 9:00,-84.760078,57.980506,0.888709685,-7.918212492
2011-04-13 9:30,-84.764342,57.978633,1.323762563,-7.867990005
2011-04-13 10:00,-84.76799,57.976758,1.758815442,-7.817767518
2011-04-13 10:30,-84.770384,57.975018,2.334740739,-8.02850161
2011-04-13 11:00,-84.75449,57.978882,2.910666036,-8.239235703
2011-04-13 11:30,-84.739753,57.983845,3.052328791,-8.28125536
2011-04-13 12:00,-84.717435,57.991146,3.193991546,-8.323275018
2011-04-13 12:30,-84.695634,57.997064,3.327515798,-8.164746304
2011-04-13 13:00,-84.688503,58.002576,3.461040049,-8.00621759
2011-04-13 13:30,-84.679577,58.007867,3.678295807,-7.723120768
2011-04-13 14:00,-84.676512,58.005956,3.895551564,-7.440023946
2011-04-13 14:30,-84.672561,58.008387,4.127906922,-7.07434344
2011-04-13 15:00,-84.666179,58.007521,4.360262281,-6.708662934
2011-04-13 15:30,-84.662323,58.005637,4.65269068,-6.357836625
2011-04-13 16:00,-84.658532,58.003916,4.945119078,-6.007010315
2011-04-13 16:30,-84.654767,58.001453,5.330210385,-5.638090427
2011-04-13 17:00,-84.650954,57.999116,5.715301691,-5.269170538
2011-04-13 17:30,-84.646966,57.997505,6.144010305,-4.965405948
2011-04-13 18:00,-84.6428,57.995845,6.572718918,-4.661641358
2011-04-13 18:30,-84.638716,57.994137,6.957297056,-4.368705731
2011-04-13 19:00,-84.634638,57.992351,7.341875194,-4.075770104
2011-04-13 19:30,-84.630565,57.990703,7.704325979,-3.923418304
2011-04-13 20:00,-84.626641,57.99004,8.066776765,-3.771066504
2011-04-13 20:30,-84.622797,57.988373,8.315620466,-3.768726896
2011-04-13 21:00,-84.619214,57.986379,8.564464167,-3.766387288
2011-04-13 21:30,-84.615634,57.984257,8.70313311,-3.892413767
2011-04-13 22:00,-84.612239,57.982288,8.841802053,-4.018440246
2011-04-13 22:30,-84.608967,57.980421,8.683919158,-4.243303415
2011-04-13 23:00,-84.605383,57.978415,8.526036263,-4.468166584
2011-04-13 23:30,-84.602164,57.976585,8.460166245,-4.4940085
2011-04-14 0:00,-84.598613,57.974861,8.394296228,-4.519850416
2011-04-14 0:30,-84.581908,57.978877,8.298537189,-4.541251041
2011-04-14 1:00,-84.573512,57.994518,8.20277815,-4.562651665
2011-04-14 1:30,-84.548207,58.004192,7.634436562,-4.134018044
2011-04-14 2:00,-84.559052,58.013129,7.066094974,-3.705384422
2011-04-14 2:30,-84.55677,58.01257,6.970022511,-3.446355406
2011-04-14 3:00,-84.571211,58.014935,6.873950048,-3.187326389
2011-04-14 3:30,-84.568532,58.01481,6.875484874,-3.056417607
2011-04-14 4:00,-84.565791,58.014873,6.877019701,-2.925508826
2011-04-14 4:30,-84.562786,58.023315,6.869448168,-2.895837222
2011-04-14 5:00,-84.55764,58.029207,6.861876635,-2.866165618
2011-04-14 5:30,-84.553888,58.029135,6.847633663,-3.027865733
2011-04-14 6:00,-84.550981,58.029095,6.833390691,-3.189565848
2011-04-14 6:30,-84.54827,58.028977,6.69844619,-3.46397469
2011-04-14 7:00,-84.545608,58.028803,6.563501689,-3.738383532
2011-04-14 7:30,-84.543126,58.028567,6.20858886,-4.094929663
2011-04-14 8:00,-84.541123,58.028327,5.853676031,-4.451475794
2011-04-14 8:30,-84.539544,58.028107,5.848083404,-4.468892757
2011-04-14 9:00,-84.539218,58.026853,5.842490777,-4.486309719
2011-04-14 9:30,-84.538295,58.026083,5.903407572,-4.41874568
2011-04-14 10:00,-84.53432,58.032791,5.964324367,-4.35118164
2011-04-14 10:30,-84.535956,58.033412,6.279978543,-4.349895203
2011-04-14 11:00,-84.530559,58.039371,6.595632719,-4.348608766
2011-04-14 11:30,-84.521862,58.046794,6.747795156,-4.224186724
2011-04-14 12:00,-84.511086,58.055734,6.899957593,-4.099764681
2011-04-14 12:30,-84.513016,58.059588,7.076065219,-4.079716328
2011-04-14 13:00,-84.513306,58.06246,7.252172845,-4.059667974
2011-04-14 13:30,-84.508808,58.060785,7.466764758,-4.162714456
2011-04-14 14:00,-84.501646,58.068599,7.681356671,-4.265760938
2011-04-14 14:30,-84.498379,58.068022,7.78325873,-4.326435708
2011-04-14 15:00,-84.472609,58.062658,7.885160789,-4.387110478
2011-04-14 15:30,-84.444219,58.063766,7.830775409,-4.16019796
2011-04-14 16:00,-84.409789,58.062758,7.776390029,-3.933285442
2011-04-14 16:30,-84.401846,58.061297,8.051539826,-4.013312116
2011-04-14 17:00,-84.395302,58.059605,8.326689624,-4.09333879
2011-04-14 17:30,-84.388561,58.058011,8.701315337,-3.852389593
2011-04-14 18:00,-84.366745,58.048046,9.07594105,-3.611440395
2011-04-14 18:30,-84.345037,58.053965,9.51461968,-3.470221167
2011-04-14 19:00,-84.32811,58.056244,9.953298311,-3.32900194
2011-04-14 19:30,-84.308884,58.059275,10.2145974,-3.13376453
2011-04-14 20:00,-84.289031,58.061896,10.47589648,-2.938527121
2011-04-14 20:30,-84.281276,58.058433,10.6782848,-2.808498585
2011-04-14 21:00,-84.274528,58.057,10.88067311,-2.678470048
2011-04-14 21:30,-84.268048,58.055463,10.94134013,-2.484355312
2011-04-14 22:00,-84.261869,58.053897,11.00200714,-2.290240577
2011-04-14 22:30,-84.238138,58.061432,11.12839627,-2.209895599
2011-04-14 23:00,-84.215452,58.055756,11.2547854,-2.129550622
2011-04-14 23:30,-84.195536,58.046552,11.15340833,-2.165024963
2011-04-15 0:00,-84.190769,58.044489,11.05203125,-2.200499304
2011-04-15 0:30,-84.185842,58.042508,11.03494621,-2.431134422
2011-04-15 1:00,-84.181343,58.040812,11.01786116,-2.661769541
2011-04-15 1:30,-84.177745,58.031624,10.71525981,-2.667931977
2011-04-15 2:00,-84.176847,58.022405,10.41265846,-2.674094413
2011-04-15 2:30,-84.178719,58.013037,10.18684545,-2.690431232
2011-04-15 3:00,-84.185218,58.011867,9.961032448,-2.706768051
2011-04-15 3:30,-84.1889,57.997884,9.857150901,-2.646965394
2011-04-15 4:00,-84.179475,57.988222,9.753269355,-2.587162737
2011-04-15 4:30,-84.1745,57.987405,9.531921527,-2.516043156
2011-04-15 5:00,-84.171905,57.975334,9.310573699,-2.444923576
2011-04-15 5:30,-84.16372,57.965689,9.121232193,-2.291585644
2011-04-15 6:00,-84.160197,57.96594,8.931890688,-2.138247712
2011-04-15 6:30,-84.149795,57.951837,8.924624291,-2.001756448
2011-04-15 7:00,-84.147003,57.935837,8.917357894,-1.865265184
2011-04-15 7:30,-84.134793,57.932735,8.929437002,-1.695745494
2011-04-15 8:00,-84.13159,57.918379,8.941516109,-1.526225803
2011-04-15 8:30,-84.142918,57.911597,8.891599063,-1.353288056
2011-04-15 9:00,-84.140867,57.911467,8.841682016,-1.180350308
2011-04-15 9:30,-84.139253,57.911338,8.758271686,-1.281478604
2011-04-15 10:00,-84.13799,57.911026,8.674861356,-1.382606901
2011-04-15 10:30,-84.13688,57.910784,8.756012991,-1.442112397
2011-04-15 11:00,-84.135911,57.91047,8.837164627,-1.501617894
2011-04-15 11:30,-84.135048,57.909955,8.818554925,-1.354878322
2011-04-15 12:00,-84.134867,57.906112,8.799945223,-1.208138751
2011-04-15 12:30,-84.142006,57.891792,8.774011592,-0.939092666
2011-04-15 13:00,-84.147812,57.877143,8.748077961,-0.670046581
2011-04-15 13:30,-84.147386,57.874644,8.895263862,-0.238829323
2011-04-15 14:00,-84.139161,57.866817,9.042449762,0.192387935
2011-04-15 14:30,-84.136522,57.850517,9.443519237,0.262483577
2011-04-15 15:00,-84.133212,57.849894,9.844588711,0.332579218
2011-04-15 15:30,-84.129681,57.849347,9.967137242,0.137222168
2011-04-15 16:00,-84.124845,57.848867,10.08968577,-0.058134882
2011-04-15 16:30,-84.119235,57.848279,10.12914561,-0.08886483
2011-04-15 17:00,-84.11213,57.847874,10.16860544,-0.119594777
2011-04-15 17:30,-84.105986,57.847468,10.16248493,-0.068052261
2011-04-15 18:00,-84.099858,57.84713,10.15636442,-0.016509745
2011-04-15 18:30,-84.093555,57.846809,10.29653824,0.066431714
2011-04-15 19:00,-84.087128,57.846468,10.43671207,0.149373172
2011-04-15 19:30,-84.08059,57.846212,10.4612553,0.201984333
2011-04-15 20:00,-84.07402185,57.84042711,10.48539136,0.254084828
2011-04-15 20:30,-84.064157,57.833512,10.51436587,0.356967038
2011-04-15 21:00,-84.046483,57.829219,10.54293321,0.459338582
2011-04-15 21:30,-84.024639,57.820599,10.40356966,0.362069891
2011-04-15 22:00,-84.033992,57.814112,10.26420611,0.2648012
2011-04-15 22:30,-84.063075,57.812029,10.16175077,0.289087543
2011-04-15 23:00,-84.049783,57.802623,10.05929543,0.313373886
2011-04-15 23:30,-84.033253,57.793573,9.694066023,0.282032451
2011-04-16 0:00,-84.023589,57.781554,9.328836617,0.250691015
2011-04-16 0:30,-84.005255,57.767277,9.437245869,0.18474672
2011-04-16 1:00,-84.001841,57.756897,9.545655121,0.118802425
2011-04-16 1:30,-83.990303,57.745583,9.21841584,-0.602595463
2011-04-16 2:00,-84.001003,57.735264,8.891176559,-1.323993351
2011-04-16 2:30,-84.012726,57.725857,8.685498685,-1.758951793
2011-04-16 3:00,-84.012008,57.720956,8.479820812,-2.193910235
2011-04-16 3:30,-84.01036,57.720097,8.347218419,-2.498546747
2011-04-16 4:00,-84.009418,57.707658,8.214616026,-2.80318326
2011-04-16 4:30,-83.999388,57.691683,7.931638514,-3.20882606
2011-04-16 5:00,-83.993337,57.683823,7.648661002,-3.61446886
2011-04-16 5:30,-83.989861,57.673522,7.210943665,-3.88444846
2011-04-16 6:00,-83.966428,57.673337,6.773226327,-4.15442806
2011-04-16 6:30,-83.94196,57.684903,6.326305091,-4.254852582
2011-04-16 7:00,-83.926003,57.691367,5.879383854,-4.355277104
2011-04-16 7:30,-83.926339,57.691963,5.459847375,-4.247916759
2011-04-16 8:00,-83.926135,57.692504,5.040310896,-4.140556413
2011-04-16 8:30,-83.925931,57.693093,4.678824908,-3.812120918
2011-04-16 9:00,-83.925885,57.693439,4.31733892,-3.483685422
2011-04-16 9:30,-83.92595,57.693587,4.393920782,-2.919011631
2011-04-16 10:00,-83.925963,57.693602,4.470502643,-2.354337841
2011-04-16 10:30,-83.926028,57.69357,4.499419799,-2.303511028
2011-04-16 11:00,-83.925985,57.693516,4.528336956,-2.252684215
2011-04-16 11:30,-83.92610674,57.69317101,3.70344822,-3.081473802
2011-04-16 12:00,-83.926257,57.692806,4.406802266,-2.24398107
2011-04-16 12:30,-83.926346,57.692655,4.185257552,-2.162186424
2011-04-16 13:00,-83.926664,57.692334,3.963712839,-2.080391778
2011-04-16 13:30,-83.926623,57.691717,3.851711436,-1.870637083
2011-04-16 14:00,-83.926279,57.690892,3.739710034,-1.660882388
2011-04-16 14:30,-83.923022,57.692756,3.748172439,-1.621318206
2011-04-16 15:00,-83.922262,57.69184,3.756634845,-1.581754024
2011-04-16 15:30,-83.921464,57.690783,2.83924101,-1.56230213
2011-04-16 16:00,-83.920318,57.689913,1.921847175,-1.542850236
2011-04-16 16:30,-83.91921,57.68947,1.844422028,-1.084530484
2011-04-16 17:00,-83.91808,57.689014,1.766996882,-0.626210731
2011-04-16 17:30,-83.916962,57.688881,1.835617758,-0.359651901
2011-04-16 18:00,-83.916091,57.689211,1.904238635,-0.093093071
2011-04-16 18:30,-83.91555,57.689709,1.962110174,0.03065278
2011-04-16 19:00,-83.915063,57.690303,2.019981714,0.15439863
2011-04-16 19:30,-83.91485,57.690832,2.068928546,-0.035597385
2011-04-16 20:00,-83.914388,57.691418,2.117875379,-0.225593401
2011-04-16 20:30,-83.914197,57.691958,2.130863583,-0.511777767
2011-04-16 21:00,-83.914054,57.692443,2.143851786,-0.797962133
2011-04-16 21:30,-83.914001,57.692829,2.238177982,-0.603913128
2011-04-16 22:00,-83.909828,57.696064,2.332504178,-0.409864123
2011-04-16 22:30,-83.899518,57.701915,2.476964958,-1.010215717
2011-04-16 23:00,-83.887378,57.708165,2.621425739,-1.610567311
2011-04-16 23:30,-83.877318,57.712114,2.384064012,-2.413989965
2011-04-17 0:00,-83.871797,57.712921,2.146702285,-3.217412618
2011-04-17 0:30,-83.855826,57.714733,1.879362487,-3.119821463
2011-04-17 1:00,-83.854148,57.717529,1.612022689,-3.022230307
2011-04-17 1:30,-83.878817,57.726502,1.365074465,-2.927061618
2011-04-17 2:00,-83.870811,57.731327,1.118126241,-2.831892929
2011-04-17 2:30,-83.878255,57.733834,0.88834,-2.725539313
2011-04-17 3:00,-83.879546,57.741602,0.658553759,-2.619185698
2011-04-17 3:30,-83.867076,57.758744,0.536814296,-2.410015602
2011-04-17 4:00,-83.866093,57.770416,0.415074833,-2.200845506
2011-04-17 4:30,-83.866131,57.771334,1.24054104,-2.140450424
2011-04-17 5:00,-83.865572,57.77085,2.066007247,-2.080055341
2011-04-17 5:30,-83.875742,57.769954,2.128524433,-2.043910084
2011-04-17 6:00,-83.855127,57.772708,2.191041618,-2.007764827
2011-04-17 6:30,-83.848271,57.786964,2.167914455,-2.005472998
2011-04-17 7:00,-83.815707,57.792945,2.144787291,-2.00318117
2011-04-17 7:30,-83.8178,57.80515,2.071150653,-1.957993735
2011-04-17 8:00,-83.81021,57.812264,1.997514014,-1.9128063
2011-04-17 8:30,-83.810038,57.81285,1.930912097,-1.969132512
2011-04-17 9:00,-83.808785,57.813573,1.86431018,-2.025458724
2011-04-17 9:30,-83.779196,57.817964,1.832428155,-2.092362172
2011-04-17 10:00,-83.77846,57.818782,1.80054613,-2.159265619
2011-04-17 10:30,-83.776647,57.818752,1.811060323,-2.223890473
2011-04-17 11:00,-83.76988,57.815871,1.821574516,-2.288515327
2011-04-17 11:30,-83.771459,57.816022,1.794622652,-2.306854318
2011-04-17 12:00,-83.773217,57.815974,1.767670788,-2.325193309
2011-04-17 12:30,-83.775244,57.815615,1.732046534,-2.214758554
2011-04-17 13:00,-83.777278,57.814789,1.69642228,-2.104323799
2011-04-17 13:30,-83.779966,57.813641,1.704034254,-1.921220215
2011-04-17 14:00,-83.782871,57.812116,1.711646229,-1.738116631
2011-04-17 14:30,-83.785628,57.81034,1.671330941,-1.702984287
2011-04-17 15:00,-83.787765,57.808173,1.631015654,-1.667851943
2011-04-17 15:30,-83.789624,57.805873,0.865900617,-2.874948747
2011-04-17 16:00,-83.77724,57.802863,0.10078558,-4.082045552
2011-04-17 16:30,-83.797317,57.809005,-0.422371093,-4.78494479
2011-04-17 17:00,-83.804457,57.812498,-0.945527765,-5.487844029
2011-04-17 17:30,-83.806304,57.823092,-1.075846746,-5.437309374
2011-04-17 18:00,-83.787477,57.828681,-1.206165727,-5.38677472
2011-04-17 18:30,-83.760195,57.832755,-1.283896873,-5.308233005
2011-04-17 19:00,-83.727891,57.832988,-1.36162802,-5.22969129
2011-04-17 19:30,-83.718954,57.838853,-1.326198083,-5.224968329
2011-04-17 20:00,-83.712521,57.841483,-1.290768147,-5.220245367
2011-04-17 20:30,-83.696889,57.847153,-1.126331492,-5.274291528
2011-04-17 21:00,-83.703821,57.849147,-0.961894837,-5.328337688
2011-04-17 21:30,-83.687596,57.854148,-0.859291895,-5.415612097
2011-04-17 22:00,-83.663906,57.856689,-0.756688952,-5.502886506
2011-04-17 22:30,-83.63775,57.862943,-0.713707037,-5.187153332
2011-04-17 23:00,-83.621023,57.869852,-0.670725121,-4.871420158
2011-04-17 23:30,-83.592808,57.877688,-0.544546038,-4.994677204
2011-04-18 0:00,-83.567664,57.880555,-0.418366956,-5.117934249
2011-04-18 0:30,-83.569084,57.880341,-0.412875846,-4.85251058
2011-04-18 1:00,-83.547447,57.878518,-0.407384736,-4.58708691
2011-04-18 1:30,-83.547718,57.880207,-0.480290774,-4.218728372
2011-04-18 2:00,-83.550488,57.880574,-0.553196811,-3.850369834
2011-04-18 2:30,-83.545245,57.886024,-0.598108056,-3.400997651
2011-04-18 3:00,-83.537367,57.891335,-0.6430193,-2.951625467
2011-04-18 3:30,-83.538781,57.890201,-0.504572979,-2.546012105
2011-04-18 4:00,-83.539614,57.888909,-0.366126659,-2.140398743
2011-04-18 4:30,-83.540275,57.887953,1.033335563,-1.216848905
2011-04-18 5:00,-83.540178,57.886982,2.432797785,-0.293299067
2011-04-18 5:30,-83.539317,57.886408,2.656594304,-0.182247275
2011-04-18 6:00,-83.554239,57.897901,2.880390824,-0.071195483
2011-04-18 6:30,-83.526618,57.905818,2.899026236,-0.054032044
2011-04-18 7:00,-83.514322,57.918058,2.917661647,-0.036868604
2011-04-18 7:30,-83.522348,57.926404,2.968476702,0.066189864
2011-04-18 8:00,-83.519122,57.929785,3.019291757,0.169248333
2011-04-18 8:30,-83.516236,57.930204,2.992626415,0.251877889
2011-04-18 9:00,-83.513491,57.931118,2.965961072,0.334507445
2011-04-18 9:30,-83.510938,57.932493,2.879631562,0.550979537
2011-04-18 10:00,-83.50867,57.934098,2.793302052,0.767451629
2011-04-18 10:30,-83.506575,57.935966,2.241542122,0.818955752
2011-04-18 11:00,-83.504836,57.937912,1.689782192,0.870459876
2011-04-18 11:30,-83.503513,57.939892,1.36215704,1.20181229
2011-04-18 12:00,-83.502615,57.94178,1.034531888,1.533164705
2011-04-18 12:30,-83.502087,57.943542,0.928602761,1.917882792
2011-04-18 13:00,-83.499248,57.945285,0.822673633,2.302600879
2011-04-18 13:30,-83.51832,57.955939,0.806962191,2.481760061
2011-04-18 14:00,-83.521681,57.956418,0.79125075,2.660919243
2011-04-18 14:30,-83.547522,57.95604,0.875697493,2.892714897
2011-04-18 15:00,-83.571839,57.962761,0.960144236,3.12451055
2011-04-18 15:30,-83.594894,57.969428,1.135342458,3.30499563
2011-04-18 16:00,-83.616762,57.975559,1.31054068,3.48548071
2011-04-18 16:30,-83.637255,57.986868,1.485566064,3.606166764
2011-04-18 17:00,-83.646316,57.987106,1.660591448,3.726852817
2011-04-18 17:30,-83.645131,57.987081,1.818808902,3.817377976
2011-04-18 18:00,-83.64332,57.987082,1.977026356,3.907903134
2011-04-18 18:30,-83.640618,57.987137,2.244666388,3.899393367
2011-04-18 19:00,-83.637242,57.987181,2.512306421,3.890883601
2011-04-18 19:30,-83.633524,57.987366,2.774116839,3.764348436
2011-04-18 20:00,-83.629151,57.987991,3.035927257,3.637813272
2011-04-18 20:30,-83.636482,57.989096,3.190906755,3.42966477
2011-04-18 21:00,-83.647271,57.995291,3.345886253,3.221516268
2011-04-18 21:30,-83.652614,58.002716,3.348899274,3.049979234
2011-04-18 22:00,-83.662445,58.012729,3.351912295,2.8784422
2011-04-18 22:30,-83.659344,58.015216,3.252396864,2.822611286
2011-04-18 23:00,-83.675496,58.018207,3.152881432,2.766780372
2011-04-18 23:30,-83.688645,58.013462,2.977995096,2.723136215
2011-04-19 0:00,-83.704334,58.022498,2.803108759,2.679492058
2011-04-19 0:30,-83.720266,58.03402,2.642501368,2.778193143
2011-04-19 1:00,-83.725433,58.035495,2.481893976,2.876894227
2011-04-19 1:30,-83.732802,58.03993,2.401814593,3.049606385
2011-04-19 2:00,-83.74936,58.039351,2.32173521,3.222318544
2011-04-19 2:30,-83.78163,58.045141,2.268295301,3.4339743
2011-04-19 3:00,-83.808389,58.042018,2.214855392,3.645630055
2011-04-19 3:30,-83.835883,58.050153,2.145750046,3.922790828
2011-04-19 4:00,-83.86617,58.054523,2.0766447,4.199951601
2011-04-19 4:30,-83.894817,58.059116,1.929408892,4.435357144
2011-04-19 5:00,-83.920245,58.071865,1.782173084,4.670762687
2011-04-19 5:30,-83.943574,58.084466,1.59271699,4.951051277
2011-04-19 6:00,-83.971782,58.089259,1.403260896,5.231339867
2011-04-19 6:30,-84.004261,58.090415,1.669860741,4.375280564
2011-04-19 7:00,-84.011244,58.087729,1.936460585,3.519221261
2011-04-19 7:30,-84.008373,58.085315,2.435543521,2.13530171
2011-04-19 8:00,-84.007436,58.086582,2.934626457,0.751382158
2011-04-19 8:30,-84.004684,58.08766,2.834191141,1.051174345
2011-04-19 9:00,-84.001895,58.08923,2.733755825,1.350966532
2011-04-19 9:30,-83.999388,58.091181,2.567913783,1.726963515
2011-04-19 10:00,-83.996768,58.09365,2.402071741,2.102960498
2011-04-19 10:30,-83.985446,58.095211,2.385012366,2.338235619
2011-04-19 11:00,-83.996993,58.098672,2.367952991,2.573510739
2011-04-19 11:30,-83.998944,58.102577,2.460320046,2.781680991
2011-04-19 12:00,-83.997253,58.104715,2.552687101,2.989851242
2011-04-19 12:30,-83.999248,58.107989,2.837683132,2.945109886
2011-04-19 13:00,-84.023061,58.113353,3.122679162,2.900368529
2011-04-19 13:30,-84.031588,58.11492,3.426718877,2.633276867
2011-04-19 14:00,-84.034613,58.114623,3.730758593,2.366185205
2011-04-19 14:30,-84.033104,58.113819,4.301934365,1.632590184
2011-04-19 15:00,-84.031789,58.111889,4.873110138,0.898995164
2011-04-19 15:30,-84.030416,58.108815,5.533675373,-0.312300778
2011-04-19 16:00,-84.028703,58.105124,6.194240608,-1.52359672
2011-04-19 16:30,-84.026588,58.101119,6.444830835,-2.447301832
2011-04-19 17:00,-84.023845,58.096967,6.695421062,-3.371006945
2011-04-19 17:30,-84.020687,58.092598,7.008187287,-3.798956195
2011-04-19 18:00,-84.016993,58.088252,7.320953511,-4.226905445
2011-04-19 18:30,-84.012986,58.083882,7.581133221,-4.119898145
2011-04-19 19:00,-84.008667,58.079663,7.841312932,-4.012890845
2011-04-19 19:30,-84.00401,58.075838,7.945772776,-3.723290827
2011-04-19 20:00,-83.999277,58.072493,8.05023262,-3.433690809
2011-04-19 20:30,-83.9943,58.069691,7.98554309,-4.179662915
2011-04-19 21:00,-83.98916,58.067567,7.920853561,-4.925635021
2011-04-19 21:30,-83.984226,58.066132,7.867583578,-4.435257835
2011-04-19 22:00,-83.980533,58.06997,7.814313594,-3.944880649
2011-04-19 22:30,-83.978015,58.069509,7.619256989,-3.655264826
2011-04-19 23:00,-83.978912,58.069604,7.424200383,-3.365649003
2011-04-19 23:30,-83.976106,58.070459,7.34787392,-2.926928622
2011-04-20 0:00,-83.97396,58.071546,7.271547457,-2.488208241
2011-04-20 0:30,-83.972506,58.072877,6.829065454,-1.920011378
2011-04-20 1:00,-83.97175,58.074245,6.386583452,-1.351814516
2011-04-20 1:30,-83.971928,58.075715,6.200437034,-0.957529642
2011-04-20 2:00,-83.972764,58.077123,6.014290617,-0.563244769
2011-04-20 2:30,-83.976116,58.080854,5.905358021,-0.304760213
2011-04-20 3:00,-83.97722,58.08153,5.796425425,-0.046275656
2011-04-20 3:30,-83.986646,58.08739,5.630103159,0.374312254
2011-04-20 4:00,-84.013318,58.093826,5.463780894,0.794900164
2011-04-20 4:30,-84.01197,58.093303,5.23219377,1.240382541
2011-04-20 5:00,-84.012113,58.093226,5.000606647,1.685864918
2011-04-20 5:30,-84.011739,58.093019,4.638862098,2.224055264
2011-04-20 6:00,-84.01032,58.092522,4.27711755,2.76224561
2011-04-20 6:30,-84.009379,58.092225,3.97355083,3.183581242
2011-04-20 7:00,-84.008345,58.092,3.66998411,3.604916873
2011-04-20 7:30,-84.006771,58.091798,3.813130457,3.924822505
2011-04-20 8:00,-84.005037,58.09174,3.956276804,4.244728137
2011-04-20 8:30,-84.003204,58.091897,4.027335122,4.345151521
2011-04-20 9:00,-84.00133,58.092375,4.098393441,4.445574904
2011-04-20 9:30,-83.999642,58.093199,3.965125924,4.400531866
2011-04-20 10:00,-83.99806,58.094426,3.831858407,4.355488827
2011-04-20 10:30,-83.996209,58.095909,3.912213593,4.127473287
2011-04-20 11:00,-83.994374,58.097541,3.992568778,3.899457748
2011-04-20 11:30,-83.992351,58.099321,3.664956534,3.960996968
2011-04-20 12:00,-84.011556,58.100101,3.337344291,4.022536187
2011-04-20 12:30,-84.036213,58.108427,2.955553915,4.141459723
2011-04-20 13:00,-84.058227,58.107673,2.57376354,4.260383258
2011-04-20 13:30,-84.066168,58.115787,2.172468922,4.479634841
2011-04-20 14:00,-84.085367,58.12694,1.771174303,4.698886424
2011-04-20 14:30,-84.114548,58.134591,1.525340851,5.058486645
2011-04-20 15:00,-84.136308,58.140764,1.279507398,5.418086866
2011-04-20 15:30,-84.157221,58.143683,1.145781071,5.791710114
2011-04-20 16:00,-84.157844,58.144299,1.012054744,6.165333363
2011-04-20 16:30,-84.163779,58.145073,1.043826713,6.476775077
2011-04-20 17:00,-84.165976,58.143226,1.075598682,6.788216791
2011-04-20 17:30,-84.166166,58.143782,1.321967965,6.789243924
2011-04-20 18:00,-84.1661,58.144418,1.568337249,6.790271057
2011-04-20 18:30,-84.165446,58.145165,1.534969467,6.9604187
2011-04-20 19:00,-84.163987,58.146028,1.501601686,7.130566343
2011-04-20 19:30,-84.161956,58.146853,1.470885998,6.921881255
2011-04-20 20:00,-84.159707,58.147911,1.440170311,6.713196166
2011-04-20 20:30,-84.15715,58.149137,1.174476275,6.707934649
2011-04-20 21:00,-84.154393,58.150685,0.908782239,6.702673131
2011-04-20 21:30,-84.151893,58.152463,0.556397882,6.690112455
2011-04-20 22:00,-84.149578,58.154554,0.204013525,6.677551779
2011-04-20 22:30,-84.146768,58.156942,-0.105762999,6.468979801
2011-04-20 23:00,-84.14528,58.159631,-0.415539522,6.260407824
2011-04-20 23:30,-84.148558,58.161093,-0.285306041,6.657669426
2011-04-21 0:00,-84.183115,58.165807,-0.15507256,7.054931028
2011-04-21 0:30,-84.212637,58.162167,0.057557647,7.143917209
2011-04-21 1:00,-84.236874,58.152766,0.270187855,7.23290339
2011-04-21 1:30,-84.251338,58.144291,0.52793137,7.328196038
2011-04-21 2:00,-84.275993,58.139195,0.785674885,7.423488686
2011-04-21 2:30,-84.280443,58.138771,0.90733976,7.398332744
2011-04-21 3:00,-84.28174,58.141138,1.029004634,7.373176802
2011-04-21 3:30,-84.302642,58.129876,1.259465104,7.236277541
2011-04-21 4:00,-84.316421,58.119564,1.489925573,7.099378279
2011-04-21 4:30,-84.348692,58.110618,1.731048302,6.933519234
2011-04-21 5:00,-84.380301,58.107807,1.972171031,6.767660189
2011-04-21 5:30,-84.416075,58.108705,2.258671813,6.520756763
2011-04-21 6:00,-84.428131,58.106272,2.545172596,6.273853338
2011-04-21 6:30,-84.44929,58.11345,2.62315669,6.05057043
2011-04-21 7:00,-84.459528,58.104761,2.701140785,5.827287522
2011-04-21 7:30,-84.459705,58.105009,2.414895758,5.592427008
2011-04-21 8:00,-84.466153,58.103881,2.128650732,5.357566494
2011-04-21 8:30,-84.473066,58.09007,0.817484919,4.925823089
2011-04-21 9:00,-84.482244,58.085078,-0.493680894,4.494079684
2011-04-21 9:30,-84.499394,58.074203,-1.113759843,4.448136604
2011-04-21 10:00,-84.503113,58.073771,-1.733838792,4.402193524
2011-04-21 10:30,-84.501914,58.07482,-2.209486305,4.207337964
2011-04-21 11:00,-84.500921,58.076356,-2.685133818,4.012482405
2011-04-21 11:30,-84.500122,58.078199,-2.48007177,4.322636367
2011-04-21 12:00,-84.499507,58.080427,-2.275009722,4.632790329
2011-04-21 12:30,-84.499161,58.082956,-1.737185012,4.522746912
2011-04-21 13:00,-84.49812918,58.08618787,-1.203367278,4.413049427
2011-04-21 13:30,-84.498073,58.087932,-0.298829666,4.087038242
2011-04-21 14:00,-84.497021,58.089819,0.601700971,3.761372988
2011-04-21 14:30,-84.485147,58.102446,1.954830741,3.255181278
2011-04-21 15:00,-84.4848318,58.10713354,3.296050678,2.756971386
2011-04-21 15:30,-84.494978,58.112512,4.186162343,2.105934449
2011-04-21 16:00,-84.508224,58.127649,5.064364175,1.462879331
2011-04-21 16:30,-84.52402002,58.13373046,5.231389327,1.221485308
2011-04-21 17:00,-84.540388,58.1359,5.439651007,0.997949858
2011-04-21 17:30,-84.556886,58.143699,5.382388319,1.236023805
2011-04-21 18:00,-84.576301,58.152267,5.325125631,1.474097752
2011-04-21 18:30,-84.582585,58.15389,5.316611441,2.012755085
2011-04-21 19:00,-84.579239,58.152272,5.308097251,2.551412418
2011-04-21 19:30,-84.575916,58.150935,5.319458326,3.080351448
2011-04-21 20:00,-84.57293,58.149863,5.330819401,3.609290477
2011-04-21 20:30,-84.570101,58.148928,5.170853099,3.902045135
2011-04-21 21:00,-84.574839,58.150988,5.010886797,4.194799794
2011-04-21 21:30,-84.595163,58.157038,5.445525913,4.204885013
2011-04-21 22:00,-84.610857,58.168211,5.880165029,4.214970233
2011-04-21 22:30,-84.610379,58.16775,6.103263741,3.405028887
2011-04-21 23:00,-84.609272,58.167389,6.326362453,2.59508754
2011-04-21 23:30,-84.608704,58.1671,6.330012114,0.657610532
2011-04-22 0:00,-84.621931,58.169639,6.333661775,-1.279866476
2011-04-22 0:30,-84.623391,58.170194,5.705983995,-3.203043326
2011-04-22 1:00,-84.627234,58.171569,5.078306216,-5.126220175
2011-04-22 1:30,-84.627025,58.171442,4.48456457,-5.823697311
2011-04-22 2:00,-84.627071,58.171263,3.890822924,-6.521174446
2011-04-22 2:30,-84.627186,58.170839,3.842871389,-6.482259303
2011-04-22 3:00,-84.62759,58.17015,3.794919855,-6.44334416
2011-04-22 3:30,-84.628176,58.169123,4.018486179,-6.328354219
2011-04-22 4:00,-84.629241,58.167805,4.242052503,-6.213364278
2011-04-22 4:30,-84.633238,58.17205,4.478039437,-6.179228943
2011-04-22 5:00,-84.628528,58.18009,4.71402637,-6.145093609
2011-04-22 5:30,-84.633264,58.188487,4.953591644,-6.083899792
2011-04-22 6:00,-84.642599,58.194023,5.193156918,-6.022705974
2011-04-22 6:30,-84.644803,58.192427,5.444707317,-6.050936501
2011-04-22 7:00,-84.64363,58.189287,5.696257716,-6.079167028
2011-04-22 7:30,-84.642145,58.186043,5.785694564,-6.038202686
2011-04-22 8:00,-84.640397,58.182871,5.875131411,-5.997238345
2011-04-22 8:30,-84.638284,58.179669,6.001211901,-5.941847885
2011-04-22 9:00,-84.636132,58.176676,6.127292391,-5.886457425
2011-04-22 9:30,-84.63394,58.174074,6.526436294,-5.647043092
2011-04-22 10:00,-84.631585,58.171969,6.925580197,-5.407628759
2011-04-22 10:30,-84.629059,58.170256,7.32675716,-4.849252629
2011-04-22 11:00,-84.626428,58.169094,7.727934123,-4.2908765
2011-04-22 11:30,-84.624258,58.17085,7.904851246,-4.247628161
2011-04-22 12:00,-84.625788,58.179853,8.08176837,-4.204379822
2011-04-22 12:30,-84.618948,58.192137,8.223478052,-4.211335958
2011-04-22 13:00,-84.615128,58.207343,8.365187735,-4.218292095
2011-04-22 13:30,-84.611296,58.220987,8.4872555,-4.224200483
2011-04-22 14:00,-84.60267,58.23269,8.609323265,-4.23010887
2011-04-22 14:30,-84.600241,58.23231,8.693837624,-4.231297146
2011-04-22 15:00,-84.601756,58.236474,8.778351983,-4.232485422
2011-04-22 15:30,-84.599823,58.235011,8.812080094,-4.083218065
2011-04-22 16:00,-84.596644,58.232974,8.845808206,-3.933950709
2011-04-22 16:30,-84.593798,58.230997,8.798672511,-3.70249545
2011-04-22 17:00,-84.591689,58.228917,8.751536816,-3.471040191
2011-04-22 17:30,-84.58946,58.226524,8.361908377,-3.290432022
2011-04-22 18:00,-84.586648,58.223848,7.972279939,-3.109823853
2011-04-22 18:30,-84.583203,58.221012,8.061495543,-3.013457575
2011-04-22 19:00,-84.579164,58.218054,8.150711148,-2.917091296
2011-04-22 19:30,-84.575113,58.215101,8.15444956,-2.931173309
2011-04-22 20:00,-84.57095,58.212124,8.158187972,-2.945255321
2011-04-22 20:30,-84.566604,58.209436,7.937236819,-2.941976662
2011-04-22 21:00,-84.563094,58.207108,7.716285666,-2.938698004
2011-04-22 21:30,-84.567096,58.206905,7.420140581,-3.001045415
2011-04-22 22:00,-84.5734,58.21709,7.123995497,-3.063392826
2011-04-22 22:30,-84.570612,58.227547,6.913566882,-2.872713339
2011-04-22 23:00,-84.566378,58.241928,6.703138267,-2.682033851
2011-04-22 23:30,-84.559727,58.247897,6.341340269,-2.515948034
2011-04-23 0:00,-84.56076,58.24848,5.979542272,-2.349862217
2011-04-23 0:30,-84.565075,58.255112,5.347301089,-2.186582227
2011-04-23 1:00,-84.575044,58.266241,4.715059906,-2.023302237
2011-04-23 1:30,-84.59514,58.268638,4.023055745,-1.808287019
2011-04-23 2:00,-84.613008,58.279613,3.331051585,-1.5932718
2011-04-23 2:30,-84.622726,58.274975,2.774228405,-1.442851002
2011-04-23 3:00,-84.642372,58.276878,2.217405225,-1.292430203
2011-04-23 3:30,-84.662397,58.291302,1.782551181,-1.187675718
2011-04-23 4:00,-84.661032,58.306307,1.347697137,-1.082921232
2011-04-23 4:30,-84.650713,58.311703,0.926199255,-0.911270492
2011-04-23 5:00,-84.65079,58.312563,0.504701373,-0.739619751
2011-04-23 5:30,-84.651788,58.312934,-0.109955239,-0.499354764
2011-04-23 6:00,-84.652634,58.313043,-0.724611852,-0.259089777
2011-04-23 6:30,-84.653424,58.313075,-1.059113924,-0.12269211
2011-04-23 7:00,-84.640211,58.317215,-1.393615997,0.013705558
2011-04-23 7:30,-84.621043,58.325074,-1.72381613,0.235409731
2011-04-23 8:00,-84.604279,58.327759,-2.054016263,0.457113905
2011-04-23 8:30,-84.596267,58.335553,-2.433673271,0.751701755
2011-04-23 9:00,-84.595036,58.339557,-2.813330279,1.046289604
2011-04-23 9:30,-84.59541,58.339453,-2.95631503,1.063304346
2011-04-23 10:00,-84.595534,58.339337,-3.09929978,1.080319088
2011-04-23 10:30,-84.595431,58.339332,-3.181410445,0.932318461
2011-04-23 11:00,-84.595297,58.339468,-3.263521109,0.784317833
2011-04-23 11:30,-84.595055,58.339627,-3.46662363,0.739860198
2011-04-23 12:00,-84.594905,58.33971,-3.669726151,0.695402563
2011-04-23 12:30,-84.595134,58.340363,-2.618724282,0.833250351
2011-04-23 13:00,-84.595826,58.341185,-1.567722413,0.971098139
2011-04-23 13:30,-84.598312,58.34403,-1.472004274,1.034042853
2011-04-23 14:00,-84.600241,58.345353,-1.376286135,1.096987568
2011-04-23 14:30,-84.601425,58.348883,-1.411037419,1.049385567
2011-04-23 15:00,-84.604028,58.350302,-1.445788703,1.001783566
2011-04-23 15:30,-84.606868,58.351482,-1.383729758,0.854060557
2011-04-23 16:00,-84.609366,58.352352,-1.321670814,0.706337548
2011-04-23 16:30,-84.611853,58.353018,-2.108855408,0.377290789
2011-04-23 17:00,-84.613679,58.353161,-2.896040003,0.04824403
2011-04-23 17:30,-84.61516,58.353166,-3.282865727,-0.322883604
2011-04-23 18:00,-84.616627,58.352925,-3.66969145,-0.694011239
2011-04-23 18:30,-84.617818,58.352788,-3.514132452,-1.043023383
2011-04-23 19:00,-84.618879,58.352564,-3.358573454,-1.392035526
2011-04-23 19:30,-84.619553,58.352253,-3.174187828,-1.620799843
2011-04-23 20:00,-84.620336,58.351966,-2.989802203,-1.849564159
2011-04-23 20:30,-84.620944,58.351682,-2.84121036,-1.92697831
2011-04-23 21:00,-84.621024,58.351279,-2.692618517,-2.00439246
2011-04-23 21:30,-84.620974,58.351023,-2.579019545,-1.900812595
2011-04-23 22:00,-84.621097,58.35086,-2.465420574,-1.79723273
2011-04-23 22:30,-84.610937,58.355095,-2.567542714,-1.598902426
2011-04-23 23:00,-84.603224,58.356953,-2.669664855,-1.400572121
2011-04-23 23:30,-84.607943,58.367503,-2.408249685,-1.076511482
2011-04-24 0:00,-84.60533,58.375275,-2.146834514,-0.752450842
2011-04-24 0:30,-84.60838,58.381995,-1.753521481,-0.475808555
2011-04-24 1:00,-84.608171,58.390749,-1.360208448,-0.199166269
2011-04-24 1:30,-84.593843,58.404387,-0.924706797,0.04295042
2011-04-24 2:00,-84.583106,58.415193,-0.489205145,0.285067109
2011-04-24 2:30,-84.582385,58.416557,-0.196970803,0.600505476
2011-04-24 3:00,-84.571958,58.422968,0.095263538,0.915943844
2011-04-24 3:30,-84.576054,58.425758,0.014081876,1.271209208
2011-04-24 4:00,-84.577811,58.42656,-0.067099786,1.626474572
2011-04-24 4:30,-84.579523,58.427332,-0.099312097,2.059646598
2011-04-24 5:00,-84.581358,58.428018,-0.131524408,2.492818625
2011-04-24 5:30,-84.583421,58.428731,0.047862896,3.056215927
2011-04-24 6:00,-84.585353,58.429321,0.2272502,3.61961323
2011-04-24 6:30,-84.587133,58.429849,0.013847186,4.264020924
2011-04-24 7:00,-84.588514,58.430359,-0.199555828,4.908428619
2011-04-24 7:30,-84.589559,58.430965,-0.012755427,5.687181756
2011-04-24 8:00,-84.590142,58.43152,0.174044974,6.465934894
2011-04-24 8:30,-84.590223,58.432123,0.036705887,6.795215104
2011-04-24 9:00,-84.589849,58.432887,-0.100633201,7.124495313
2011-04-24 9:30,-84.582721,58.433946,-0.173550793,7.391018566
2011-04-24 10:00,-84.552549,58.438931,-0.246468385,7.657541818
2011-04-24 10:30,-84.529398,58.439839,-0.337613233,8.072121539
2011-04-24 11:00,-84.498669,58.446447,-0.428758081,8.486701261
2011-04-24 11:30,-84.474758,58.445599,0.09773107,8.309137799
2011-04-24 12:00,-84.448009,58.454271,0.624220221,8.131574337
2011-04-24 12:30,-84.425916,58.466785,1.639610282,7.204974198
2011-04-24 13:00,-84.405052,58.474365,2.655000342,6.27837406
2011-04-24 13:30,-84.400807,58.476816,2.110003673,6.931421382
2011-04-24 14:00,-84.39622,58.4793,1.565007004,7.584468705
2011-04-24 14:30,-84.391436,58.481546,1.176053487,8.444693331
2011-04-24 15:00,-84.386592,58.483556,0.787099969,9.304917957
2011-04-24 15:30,-84.381759,58.485253,1.898454849,8.904026506
2011-04-24 16:00,-84.376769,58.486376,3.00980973,8.503135055
2011-04-24 16:30,-84.372573,58.486954,4.495875792,7.253635802
2011-04-24 17:00,-84.36897,58.487206,5.981941853,6.00413655
2011-04-24 17:30,-84.365656,58.486916,6.617503614,3.299384842
2011-04-24 18:00,-84.362893,58.486148,7.253065375,0.594633134
2011-04-24 18:30,-84.360865,58.485388,7.012016359,-1.059936463
2011-04-24 19:00,-84.359083,58.484598,6.770967342,-2.71450606
2011-04-24 19:30,-84.35756,58.483762,7.084240103,-2.021210351
2011-04-24 20:00,-84.355964,58.482772,7.397512864,-1.327914641
2011-04-24 20:30,-84.354335,58.481463,7.496099798,-1.10193713
2011-04-24 21:00,-84.35295,58.480434,7.594686732,-0.875959618
2011-04-24 21:30,-84.351509,58.479104,7.553888457,-0.857777256
2011-04-24 22:00,-84.350531,58.48731,7.513090182,-0.839594893
2011-04-24 22:30,-84.338674,58.499215,7.209822718,-1.069788649
2011-04-24 23:00,-84.323843,58.507169,6.906555254,-1.299982404
2011-04-24 23:30,-84.304918,58.515014,5.741950054,-2.3306458
2011-04-25 0:00,-84.286262,58.523512,4.577344855,-3.361309197
2011-04-25 0:30,-84.27827,58.53833,4.785867685,-3.404516939
2011-04-25 1:00,-84.276827,58.537571,4.994390515,-3.447724681
2011-04-25 1:30,-84.275479,58.536972,5.226644861,-3.541619619
2011-04-25 2:00,-84.274128,58.536679,5.458899206,-3.635514557
2011-04-25 2:30,-84.272741,58.536405,5.911710637,-3.562824779
2011-04-25 3:00,-84.261213,58.547958,6.364522067,-3.490135
2011-04-25 3:30,-84.248409,58.564801,6.731921646,-3.318643594
2011-04-25 4:00,-84.244195,58.580916,7.099321224,-3.147152188
2011-04-25 4:30,-84.228602,58.596389,7.271519928,-2.881121797
2011-04-25 5:00,-84.217752,58.613109,7.443718631,-2.615091406
2011-04-25 5:30,-84.218183,58.629051,7.512775035,-2.242592154
2011-04-25 6:00,-84.219863,58.644331,7.58183144,-1.870092901
2011-04-25 6:30,-84.222748,58.648226,7.649130936,-1.461338637
2011-04-25 7:00,-84.215977,58.664413,7.716430433,-1.052584372
2011-04-25 7:30,-84.217984,58.68135,7.765204572,-0.438774402
2011-04-25 8:00,-84.22044,58.693545,7.813978712,0.175035567
2011-04-25 8:30,-84.223328,58.702779,7.951263601,0.777781973
2011-04-25 9:00,-84.218416,58.717808,8.088548491,1.380528378
2011-04-25 9:30,-84.21977,58.729462,8.252017657,1.868085764
2011-04-25 10:00,-84.209244,58.734722,8.415486824,2.35564315
2011-04-25 10:30,-84.204294,58.733644,8.603970493,1.962076071
2011-04-25 11:00,-84.19953,58.732273,8.792454163,1.568508991
2011-04-25 11:30,-84.195214,58.73049,9.109183449,-0.146618904
2011-04-25 12:00,-84.191069,58.728457,9.425912735,-1.8617468
2011-04-25 12:30,-84.156954,58.734052,9.394945552,-3.738767044
2011-04-25 13:00,-84.133264,58.742525,9.363978368,-5.615787288
2011-04-25 13:30,-84.115098,58.750824,9.375038227,-6.370810149
2011-04-25 14:00,-84.110856,58.748219,9.386098086,-7.12583301
2011-04-25 14:30,-84.106524,58.745287,9.733333682,-7.842434664
2011-04-25 15:00,-84.102065,58.742237,10.08056928,-8.559036319
2011-04-25 15:30,-84.097531,58.739006,9.809115864,-9.130986814
2011-04-25 16:00,-84.092998,58.735793,9.537662451,-9.702937309
2011-04-25 16:30,-84.088335,58.732352,9.462411021,-9.253515476
2011-04-25 17:00,-84.083636,58.728861,9.38715959,-8.804093644
2011-04-25 17:30,-84.079057,58.725464,9.800840544,-8.391565328
2011-04-25 18:00,-84.074584,58.722199,10.2145215,-7.979037012
2011-04-25 18:30,-84.070211,58.719138,10.58088136,-7.461175691
2011-04-25 19:00,-84.065619,58.716256,10.94724122,-6.943314371
2011-04-25 19:30,-84.061046,58.713521,11.24018535,-6.678302573
2011-04-25 20:00,-84.05657,58.711,11.53312949,-6.413290776
2011-04-25 20:30,-84.051942,58.708425,11.58631441,-5.885275908
2011-04-25 21:00,-84.047131,58.70586,11.63949933,-5.35726104
2011-04-25 21:30,-84.04222,58.703513,11.7367708,-4.655071731
2011-04-25 22:00,-84.037372,58.701314,11.83404228,-3.952882423
2011-04-25 22:30,-84.029616,58.698375,11.50447757,-3.711716151
2011-04-25 23:00,-84.024938,58.696648,11.17491286,-3.47054988
2011-04-25 23:30,-84.02068,58.695258,10.98241992,-3.34965492
2011-04-26 0:00,-84.01686,58.6942,10.78992697,-3.22875996
2011-04-26 0:30,-84.013433,58.693435,10.53035136,-3.282541344
2011-04-26 1:00,-84.006182,58.693032,10.27077574,-3.336322728
2011-04-26 1:30,-83.990968,58.707333,10.06627066,-3.141595032
2011-04-26 2:00,-83.972793,58.72269,9.861765568,-2.946867335
2011-04-26 2:30,-83.97556,58.724392,9.602567107,-2.787490534
2011-04-26 3:00,-83.974259,58.724639,9.343368645,-2.628113734
2011-04-26 3:30,-83.973441,58.725045,9.139551833,-2.652841289
2011-04-26 4:00,-83.979172,58.735609,8.935735021,-2.677568844
2011-04-26 4:30,-83.989286,58.751664,8.672934398,-2.543775802
2011-04-26 5:00,-83.989316,58.752276,8.410133776,-2.40998276
2011-04-26 5:30,-83.997003,58.768929,8.205505818,-2.230655517
2011-04-26 6:00,-84.012662,58.782768,8.00087786,-2.051328274
2011-04-26 6:30,-84.014652,58.800928,7.851577183,-1.862698211
2011-04-26 7:00,-84.020535,58.807108,7.702276506,-1.674068148
2011-04-26 7:30,-84.020689,58.807428,7.577466218,-1.497288531
2011-04-26 8:00,-84.020765,58.807591,7.452655931,-1.320508914
2011-04-26 8:30,-84.030204,58.81787,7.35979862,-1.16286302
2011-04-26 9:00,-84.033534,58.836058,7.26694131,-1.005217126
2011-04-26 9:30,-84.039366,58.851288,7.155988836,-0.932551985
2011-04-26 10:00,-84.049978,58.86187,7.045036362,-0.859886844
2011-04-26 10:30,-84.055635,58.860812,6.80898974,-0.610718932
2011-04-26 11:00,-84.056253,58.862509,6.572943119,-0.36155102
2011-04-26 11:30,-84.062575,58.870494,6.147230557,-0.161903493
2011-04-26 12:00,-84.057767,58.882644,5.721517995,0.037744035
2011-04-26 12:30,-84.054944,58.898094,5.507886673,0.273299737
2011-04-26 13:00,-84.053796,58.913264,5.294255351,0.508855438
2011-04-26 13:30,-84.04913,58.924854,5.152153157,0.766182729
2011-04-26 14:00,-84.04251,58.928294,5.010050963,1.023510019
2011-04-26 14:30,-84.04245,58.928341,5.00700467,1.08026438
2011-04-26 15:00,-84.042431,58.928541,5.003958378,1.137018741
2011-04-26 15:30,-84.042043,58.92898,5.209921568,1.170345324
2011-04-26 16:00,-84.041738,58.929704,5.415884758,1.203671907
2011-04-26 16:30,-84.04149,58.93068,5.437714137,1.443285304
2011-04-26 17:00,-84.041119,58.93174,5.459543515,1.682898701
2011-04-26 17:30,-84.040605,58.932818,5.383668242,1.9859184
2011-04-26 18:00,-84.039928,58.933873,5.307792969,2.288938099
2011-04-26 18:30,-84.039359,58.934899,5.230639385,2.404932255
2011-04-26 19:00,-84.038961,58.935978,5.153485802,2.520926411
2011-04-26 19:30,-84.038698,58.936947,4.932502068,2.530379047
2011-04-26 20:00,-84.038605,58.937821,4.711518335,2.539831682
2011-04-26 20:30,-84.038569,58.938651,4.302577363,2.536063739
2011-04-26 21:00,-84.038877,58.939383,3.893636391,2.532295797
2011-04-26 21:30,-84.02751,58.936308,3.435101267,2.794571782
2011-04-26 22:00,-84.027968,58.937038,2.976566144,3.056847768
2011-04-26 22:30,-84.028471,58.937783,2.486108413,3.351554046
2011-04-26 23:00,-84.029059,58.93852,1.995650682,3.646260324
2011-04-26 23:30,-84.029635,58.939298,1.312542839,3.737631451
2011-04-27 0:00,-84.03024,58.940051,0.629434996,3.829002577
2011-04-27 0:30,-84.030965,58.940757,0.079882233,3.853894721
2011-04-27 1:00,-84.031695,58.941378,-0.469670531,3.878786865
2011-04-27 1:30,-84.03237,58.941982,-0.766566913,3.995704804
2011-04-27 2:00,-84.032841,58.942519,-1.063463296,4.112622743
2011-04-27 2:30,-84.032922,58.943212,-1.279599125,4.249199864
2011-04-27 3:00,-84.033101,58.943954,-1.495734955,4.385776985
2011-04-27 3:30,-84.033491,58.944862,-1.538950834,4.46828867
2011-04-27 4:00,-84.034183,58.945936,-1.582166713,4.550800355
2011-04-27 4:30,-84.034963,58.947157,-1.569030944,4.519904215
2011-04-27 5:00,-84.016425,58.956152,-1.555895175,4.489008076
2011-04-27 5:30,-84.008154,58.960789,-1.632696406,4.493063154
2011-04-27 6:00,-84.009057,58.962254,-1.709497638,4.497118232
2011-04-27 6:30,-84.010377,58.963767,-1.82596627,4.637737361
2011-04-27 7:00,-84.002761,58.968698,-1.942434903,4.778356489
2011-04-27 7:30,-83.975259,58.978595,-2.038889901,4.842313715
2011-04-27 8:00,-83.954903,58.992257,-2.135344899,4.90627094
2011-04-27 8:30,-83.929263,58.991864,-2.276594211,4.859129207
2011-04-27 9:00,-83.929618,58.992711,-2.417843523,4.811987473
2011-04-27 9:30,-83.9313,58.994065,-2.715784124,4.854070038
2011-04-27 10:00,-83.932969,58.995309,-3.013724726,4.896152604
2011-04-27 10:30,-83.934715,58.996532,-3.28729999,5.130905573
2011-04-27 11:00,-83.9067,58.997093,-3.560875254,5.365658542
2011-04-27 11:30,-83.87785,59.000122,-3.620582122,5.622782224
2011-04-27 12:00,-83.86057,59.004622,-3.680288989,5.879905907
2011-04-27 12:30,-83.836652,59.010764,-3.632680897,6.06795788
2011-04-27 13:00,-83.810668,59.023704,-3.585072805,6.256009852
2011-04-27 13:30,-83.782552,59.031985,-3.444337503,6.567777484
2011-04-27 14:00,-83.772222,59.038049,-3.303602201,6.879545117
2011-04-27 14:30,-83.773727,59.040715,-3.145067626,7.213053117
2011-04-27 15:00,-83.775457,59.042355,-2.986533051,7.546561118
2011-04-27 15:30,-83.776427,59.044565,-2.731925663,7.412552516
2011-04-27 16:00,-83.763055,59.047695,-2.477318275,7.278543914
2011-04-27 16:30,-83.737816,59.053907,-2.163979957,7.507509957
2011-04-27 17:00,-83.710877,59.063518,-1.85064164,7.736476
2011-04-27 17:30,-83.696518,59.073789,-1.578210801,7.792943967
2011-04-27 18:00,-83.677163,59.080158,-1.305779962,7.849411935
2011-04-27 18:30,-83.676411,59.082997,-0.89636395,8.122582792
2011-04-27 19:00,-83.675103,59.085809,-0.486947938,8.395753648
2011-04-27 19:30,-83.659731,59.090602,0.013215145,8.353198016
2011-04-27 20:00,-83.627291,59.093681,0.513378228,8.310642383
2011-04-27 20:30,-83.602543,59.089687,0.81723246,8.052519475
2011-04-27 21:00,-83.582742,59.084297,1.121086693,7.794396567
2011-04-27 21:30,-83.57876,59.081479,1.318740363,7.500505519
2011-04-27 22:00,-83.577535,59.08265,1.516394033,7.206614471
2011-04-27 22:30,-83.568699,59.076291,1.327639374,6.874182744
2011-04-27 23:00,-83.550195,59.071659,1.138884714,6.541751016
2011-04-27 23:30,-83.545583,59.059058,1.296207136,6.546732089
2011-04-28 0:00,-83.515781,59.060608,1.453529557,6.551713161
2011-04-28 0:30,-83.486889,59.057632,1.776883856,6.105661027
2011-04-28 1:00,-83.487379,59.057713,2.100238154,5.659608892
2011-04-28 1:30,-83.487896,59.05779,2.305694242,4.957904153
2011-04-28 2:00,-83.488459,59.057804,2.511150331,4.256199413
2011-04-28 2:30,-83.489115,59.057796,2.502864387,3.544650222
2011-04-28 3:00,-83.489266,59.057825,2.494578443,2.83310103
2011-04-28 3:30,-83.489849,59.057841,2.42589483,2.117085262
2011-04-28 4:00,-83.490403,59.057854,2.357211217,1.401069494
2011-04-28 4:30,-83.490907,59.057952,2.484394358,0.513557106
2011-04-28 5:00,-83.491317,59.058115,2.6115775,-0.373955282
2011-04-28 5:30,-83.491644,59.058339,2.625905882,-1.26227305
2011-04-28 6:00,-83.491749,59.058533,2.640234264,-2.150590818
2011-04-28 6:30,-83.491647,59.05896,2.543291998,-2.822695184
2011-04-28 7:00,-83.491708,59.059352,2.446349733,-3.494799549
2011-04-28 7:30,-83.491544,59.059571,2.171815734,-3.929665876
2011-04-28 8:00,-83.491506,59.059772,1.897281736,-4.364532203
2011-04-28 8:30,-83.491513,59.059807,1.404928474,-4.408922471
2011-04-28 9:00,-83.473784,59.065757,0.912575213,-4.453312738
2011-04-28 9:30,-83.451208,59.074483,0.557565517,-4.336814031
2011-04-28 10:00,-83.447664,59.08298,0.20255582,-4.220315324
2011-04-28 10:30,-83.444535,59.084402,0.211903019,-3.551718648
2011-04-28 11:00,-83.438888,59.083994,0.221250218,-2.883121971
2011-04-28 11:30,-83.420341,59.093783,0.131344994,-2.449956917
2011-04-28 12:00,-83.404891,59.098344,0.041439771,-2.016791863
2011-04-28 12:30,-83.389341,59.101018,-0.306194428,-1.895500342
2011-04-28 13:00,-83.356414,59.101349,-0.653828627,-1.774208821
2011-04-28 13:30,-83.324563,59.098826,-0.703766036,-1.803546268
2011-04-28 14:00,-83.296465,59.094946,-0.753703444,-1.832883715
2011-04-28 14:30,-83.273108,59.094462,-0.814705211,-2.249217478
2011-04-28 15:00,-83.254381,59.088348,-0.875706977,-2.66555124
2011-04-28 15:30,-83.256971,59.088079,-0.901250799,-2.806083432
2011-04-28 16:00,-83.258426,59.087144,-0.92679462,-2.946615625
2011-04-28 16:30,-83.259899,59.086469,-0.634230468,-1.575133701
2011-04-28 17:00,-83.257801,59.087609,-0.341666316,-0.203651777
2011-04-28 17:30,-83.235528,59.08761,-0.385649593,0.062834838
2011-04-28 18:00,-83.212101,59.082451,-0.429632871,0.329321453
2011-04-28 18:30,-83.19403,59.071471,-0.610597209,0.215465686
2011-04-28 19:00,-83.171888,59.060404,-0.791561547,0.101609918
2011-04-28 19:30,-83.14803,59.054016,-0.950967015,0.349855968
2011-04-28 20:00,-83.126912,59.050726,-1.110372482,0.598102018
2011-04-28 20:30,-83.110821,59.04295,-1.263031991,1.1432393
2011-04-28 21:00,-83.110554,59.043689,-1.4156915,1.688376583
2011-04-28 21:30,-83.111426,59.045327,-1.642667953,1.978520966
2011-04-28 22:00,-83.104762,59.049221,-1.869644406,2.268665349
2011-04-28 22:30,-83.104633,59.049665,-1.749742389,2.672547548
2011-04-28 23:00,-83.104797,59.049941,-1.629840371,3.076429748
2011-04-28 23:30,-83.104957,59.05019,-1.383610444,3.157528378
2011-04-29 0:00,-83.105502,59.050249,-1.137380518,3.238627008
2011-04-29 0:30,-83.105916,59.050229,-1.075928134,3.201712061
2011-04-29 1:00,-83.106645,59.050059,-1.01447575,3.164797115
2011-04-29 1:30,-83.114136,59.039256,-1.211355602,3.071626206
2011-04-29 2:00,-83.122761,59.035434,-1.408235455,2.978455298
2011-04-29 2:30,-83.123524,59.03146,-1.626628844,2.981715366
2011-04-29 3:00,-83.122256,59.026283,-1.845022233,2.984975435
2011-04-29 3:30,-83.123256,59.026211,-1.842666879,3.209211488
2011-04-29 4:00,-83.124091,59.026373,-1.840311525,3.433447541
2011-04-29 4:30,-83.124925,59.026942,-1.724145839,3.697326668
2011-04-29 5:00,-83.125569,59.027464,-1.607980153,3.961205794
2011-04-29 5:30,-83.126202,59.028375,-1.946645205,3.881245382
2011-04-29 6:00,-83.126745,59.029646,-2.285310257,3.801284971
2011-04-29 6:30,-83.127305,59.031221,-2.440184696,4.101516354
2011-04-29 7:00,-83.127655,59.033082,-2.595059136,4.401747737
2011-04-29 7:30,-83.127703,59.03483,-2.4538022,4.530562231
2011-04-29 8:00,-83.127619,59.036711,-2.312545264,4.659376726
2011-04-29 8:30,-83.126981,59.038696,-1.474576354,4.420309216
2011-04-29 9:00,-83.127775,59.040587,-0.636607444,4.181241707
2011-04-29 9:30,-83.127771,59.042419,-0.38565404,3.956576689
2011-04-29 10:00,-83.12412,59.044913,-0.134700635,3.731911671
2011-04-29 10:30,-83.107833,59.047144,0.002696029,3.354169144
2011-04-29 11:00,-83.110366,59.03426,0.140092694,2.976426617
2011-04-29 11:30,-83.107302,59.034104,-0.37845723,3.509126214
2011-04-29 12:00,-83.087069,59.040596,-0.897007154,4.041825812
2011-04-29 12:30,-83.071681,59.050173,-1.451887666,4.739442777
2011-04-29 13:00,-83.071483,59.050495,-2.006768179,5.437059743
2011-04-29 13:30,-83.071489,59.05067,-1.898272202,4.698421398
2011-04-29 14:00,-83.071583,59.050806,-1.789776226,3.959783053
2011-04-29 14:30,-83.0716,59.050983,-1.106453624,2.199293074
2011-04-29 15:00,-83.071764,59.051137,-0.423131021,0.438803095
2011-04-29 15:30,-83.072025,59.051294,-0.117932574,0.033269922
2011-04-29 16:00,-83.072174,59.051368,0.187265872,-0.372263252
2011-04-29 16:30,-83.072313,59.051536,0.571219633,-0.752956993
2011-04-29 17:00,-83.072226,59.051688,0.955173393,-1.133650734
2011-04-29 17:30,-83.071852,59.051802,1.222997988,-1.38085633
2011-04-29 18:00,-83.071129,59.051773,1.490822583,-1.628061925
2011-04-29 18:30,-83.070084,59.051557,1.861203917,-1.92716076
2011-04-29 19:00,-83.068826,59.051064,2.231585252,-2.226259595
2011-04-29 19:30,-83.067443,59.050275,2.582966589,-2.588898447
2011-04-29 20:00,-83.066028,59.049107,2.934347925,-2.9515373
2011-04-29 20:30,-83.064657,59.047644,2.965537958,-3.130665498
2011-04-29 21:00,-83.081288,59.047952,2.99672799,-3.309793697
2011-04-29 21:30,-83.098445,59.051783,2.924758652,-4.801541052
2011-04-29 22:00,-83.104254,59.062904,2.852789313,-6.293288407
2011-04-29 22:30,-83.110029,59.056392,2.803214198,-7.258569881
2011-04-29 23:00,-83.116499,59.050253,2.753639082,-8.223851354
2011-04-29 23:30,-83.118043,59.042662,2.576986578,-8.432634219
2011-04-30 0:00,-83.118569,59.040536,2.400334073,-8.641417083
2011-04-30 0:30,-83.118977,59.033261,2.260994655,-8.794614018
2011-04-30 1:00,-83.123699,59.028843,2.121655237,-8.947810952
2011-04-30 1:30,-83.12522,59.026709,2.421434001,-8.77434558
2011-04-30 2:00,-83.123859,59.02248,2.721212765,-8.600880208
2011-04-30 2:30,-83.139369,59.015654,3.279485561,-8.213482242
2011-04-30 3:00,-83.160893,59.010547,3.837758357,-7.826084276
2011-04-30 3:30,-83.182172,59.00116,3.849517813,-7.730636797
2011-04-30 4:00,-83.183132,59.008896,3.861277268,-7.635189319
2011-04-30 4:30,-83.199808,59.011833,3.742781429,-7.471125953
2011-04-30 5:00,-83.18525,59.019643,3.624285589,-7.307062586
2011-04-30 5:30,-83.185743,59.018247,2.902655016,-7.395801434
2011-04-30 6:00,-83.18765,59.016574,2.181024443,-7.484540282
2011-04-30 6:30,-83.189369,59.014936,1.882797747,-7.560587833
2011-04-30 7:00,-83.190626,59.013496,1.584571052,-7.636635384
2011-04-30 7:30,-83.191664,59.012103,1.589776646,-7.652617315
2011-04-30 8:00,-83.192551,59.010788,1.594982241,-7.668599246
2011-04-30 8:30,-83.188662,59.009948,1.542462645,-7.696793183
2011-04-30 9:00,-83.184069,59.009868,1.489943048,-7.72498712
2011-04-30 9:30,-83.168172,59.012448,2.101994765,-6.640293312
2011-04-30 10:00,-83.145473,59.017156,2.714046482,-5.555599504
2011-04-30 10:30,-83.141131,59.008093,3.023957766,-4.989604395
2011-04-30 11:00,-83.149321,59.002394,3.333869051,-4.423609285
2011-04-30 11:30,-83.158155,58.999033,3.361151381,-4.35838505
2011-04-30 12:00,-83.157473,58.996334,3.388433712,-4.293160816
2011-04-30 12:30,-83.152022,58.99363,3.14479311,-4.490135156
2011-04-30 13:00,-83.145072,58.991899,2.901152509,-4.687109496
2011-04-30 13:30,-83.146476,58.990362,1.911262724,-5.74543118
2011-04-30 14:00,-83.147708,58.988849,0.921372939,-6.803752864
2011-04-30 14:30,-83.148672,58.987217,0.934691227,-6.6933322
2011-04-30 15:00,-83.149399,58.985683,0.948009515,-6.582911536
2011-04-30 15:30,-83.150283,58.983885,0.885647026,-6.365262055
2011-04-30 16:00,-83.151128,58.982112,0.823284537,-6.147612574
2011-04-30 16:30,-83.152242,58.980392,0.85858185,-5.906044548
2011-04-30 17:00,-83.153377,58.978667,0.893879164,-5.664476522
2011-04-30 17:30,-83.154451,58.977141,0.957022607,-5.478319527
2011-04-30 18:00,-83.15558,58.975659,1.02016605,-5.292162531
2011-04-30 18:30,-83.156622,58.974264,1.130852984,-5.235374571
2011-04-30 19:00,-83.157528,58.972984,1.241539917,-5.17858661
2011-04-30 19:30,-83.158349,58.971892,1.313745445,-5.118464858
2011-04-30 20:00,-83.158853,58.970945,1.385950973,-5.058343106
2011-04-30 20:30,-83.142018,58.968477,1.252554398,-5.083588519
2011-04-30 21:00,-83.135076,58.967674,1.119157823,-5.108833932
2011-04-30 21:30,-83.109263,58.963063,0.61350838,-5.097883912
2011-04-30 22:00,-83.101019,58.967057,0.107858937,-5.086933892
2011-04-30 22:30,-83.088368,58.968249,0.046730366,-4.547306777
2011-04-30 23:00,-83.058056,58.96889,-0.014398205,-4.007679662
2011-04-30 23:30,-83.042545,58.974694,-0.218161058,-3.789777788
2011-05-01 0:00,-83.013747,58.97648,-0.421923911,-3.571875913
2011-05-01 0:30,-82.979767,58.972199,-0.645130495,-3.424652312
2011-05-01 1:00,-82.947122,58.963489,-0.86833708,-3.277428711
2011-05-01 1:30,-82.920933,58.956162,-1.138218033,-2.996323466
2011-05-01 2:00,-82.921345,58.955481,-1.408098986,-2.715218222
2011-05-01 2:30,-82.922638,58.955227,-1.537405496,-2.45796408
2011-05-01 3:00,-82.923997,58.955068,-1.666712006,-2.200709939
2011-05-01 3:30,-82.907454,58.950812,-1.811286293,-1.981114417
2011-05-01 4:00,-82.887422,58.946746,-1.95586058,-1.761518896
2011-05-01 4:30,-82.88753,58.947723,-2.368677256,-1.643690145
2011-05-01 5:00,-82.877903,58.940778,-2.781493931,-1.525861393
2011-05-01 5:30,-82.851093,58.93854,-3.193797047,-1.420677958
2011-05-01 6:00,-82.851926,58.938914,-3.606100163,-1.315494522
2011-05-01 6:30,-82.846055,58.936412,-3.857947224,-1.128960644
2011-05-01 7:00,-82.836002,58.935383,-4.109794284,-0.942426766
2011-05-01 7:30,-82.809519,58.928776,-4.386949407,-0.925556498
2011-05-01 8:00,-82.787146,58.918089,-4.66410453,-0.908686229
2011-05-01 8:30,-82.768048,58.90621,-5.148457627,-1.083487873
2011-05-01 9:00,-82.755186,58.900761,-5.632810724,-1.258289516
2011-05-01 9:30,-82.741422,58.894081,-6.009105614,-1.190948499
2011-05-01 10:00,-82.729054,58.883938,-6.385400504,-1.123607482
2011-05-01 10:30,-82.712864,58.888203,-5.478154163,-0.063323823
2011-05-01 11:00,-82.701789,58.894134,-4.570907822,0.996959835
2011-05-01 11:30,-82.683178,58.88524,-4.752823375,1.158626486
2011-05-01 12:00,-82.668055,58.875558,-4.934738927,1.320293136
2011-05-01 12:30,-82.665223,58.872299,-5.046035434,1.45180369
2011-05-01 13:00,-82.671724,58.872726,-5.15733194,1.583314244
2011-05-01 13:30,-82.678345,58.873173,-5.355475106,1.682950965
2011-05-01 14:00,-82.685239,58.873599,-5.553618273,1.782587686
2011-05-01 14:30,-82.692277,58.873967,-5.716229522,1.743407653
2011-05-01 15:00,-82.69921,58.874441,-5.878840772,1.704227619
2011-05-01 15:30,-82.706258,58.874643,-6.012551444,1.566363522
2011-05-01 16:00,-82.710145,58.871486,-6.146262115,1.428499426
2011-05-01 16:30,-82.703327,58.859758,-6.758520464,0.53320436
2011-05-01 17:00,-82.699665,58.852658,-7.370778812,-0.362090706
2011-05-01 17:30,-82.70783,58.852269,-9.295194935,-2.448914043
2011-05-01 18:00,-82.716452,58.851736,-11.21961106,-4.53573738
2011-05-01 18:30,-82.725365,58.851072,-11.35735685,-4.548354619
2011-05-01 19:00,-82.735241,58.850054,-11.49510264,-4.560971859
2011-05-01 19:30,-82.744689,58.849071,-11.32167732,-4.374024691
2011-05-01 20:00,-82.753694,58.84864,-11.14825199,-4.187077523
2011-05-01 20:30,-82.762837,58.848484,-11.60765981,-4.003030319
2011-05-01 21:00,-82.77149,58.848562,-12.06706763,-3.818983114
2011-05-01 21:30,-82.780278,58.848783,-11.91149988,-3.99895379
2011-05-01 22:00,-82.788933,58.848926,-11.75593213,-4.178924465
2011-05-01 22:30,-82.789551,58.844513,-11.18256952,-3.609174888
2011-05-01 23:00,-82.774952,58.834389,-10.60920692,-3.039425311
2011-05-01 23:30,-82.758445,58.829787,-9.96854789,-2.69729746
2011-05-02 0:00,-82.75252,58.839476,-9.327888863,-2.35516961
2011-05-02 0:30,-82.743042,58.852491,-8.837121943,-1.786933697
2011-05-02 1:00,-82.744095,58.854034,-8.346355023,-1.218697785
2011-05-02 1:30,-82.72286,58.851275,-7.589678556,-0.198630955
2011-05-02 2:00,-82.696798,58.852459,-6.833002088,0.821435876
2011-05-02 2:30,-82.675752,58.867554,-5.817420381,1.812015817
2011-05-02 3:00,-82.660889,58.866481,-4.801838674,2.802595759
2011-05-02 3:30,-82.654901,58.864712,-3.664893022,3.62006091
2011-05-02 4:00,-82.655457,58.860722,-2.52794737,4.437526061
2011-05-02 4:30,-82.649603,58.869211,-1.26395453,4.599367907
2011-05-02 5:00,-82.649339,58.868624,3.83E-05,4.761209753
2011-05-02 5:30,-82.64985,58.866302,0.845687275,3.994064237
2011-05-02 6:00,-82.649155,58.865283,1.691336241,3.226918721
2011-05-02 6:30,-82.648295,58.863811,2.074262562,1.949714668
2011-05-02 7:00,-82.647878,58.861939,2.457188883,0.672510615
2011-05-02 7:30,-82.6461,58.862023,2.709364347,-0.792182805
2011-05-02 8:00,-82.643,58.859194,2.961539811,-2.256876225
2011-05-02 8:30,-82.643517,58.855406,3.31147441,-4.319934066
2011-05-02 9:00,-82.644353,58.850935,3.661409008,-6.382991908
2011-05-02 9:30,-82.645089,58.846125,3.996407347,-8.358026378
2011-05-02 10:00,-82.630143,58.842916,4.331405686,-10.33306085
2011-05-02 10:30,-82.627756,58.834237,4.739931329,-11.21202079
2011-05-02 11:00,-82.632457,58.831994,5.148456972,-12.09098074
2011-05-02 11:30,-82.63188,58.826106,5.67078454,-12.4515892
2011-05-02 12:00,-82.633425,58.821042,6.193112108,-12.81219766
2011-05-02 12:30,-82.633301,58.815634,6.617392005,-12.79422154
2011-05-02 13:00,-82.633054,58.810225,7.041671902,-12.77624543
2011-05-02 13:30,-82.632303,58.804858,7.666187225,-12.40022749
2011-05-02 14:00,-82.631251,58.799588,8.290702547,-12.02420955
2011-05-02 14:30,-82.629693,58.794368,8.961091236,-11.83449131
2011-05-02 15:00,-82.627658,58.789101,9.631479926,-11.64477307
2011-05-02 15:30,-82.625774,58.783811,9.937521004,-11.4481343
2011-05-02 16:00,-82.62274,58.778432,10.24356208,-11.25149553
2011-05-02 16:30,-82.619131,58.773254,10.588396,-10.58180129
2011-05-02 17:00,-82.61523,58.768234,10.93322992,-9.912107057
2011-05-02 17:30,-82.61138,58.763361,11.26666037,-9.394889252
2011-05-02 18:00,-82.60672,58.758801,11.60009081,-8.877671447
2011-05-02 18:30,-82.601943,58.754461,11.72271623,-8.474789884
2011-05-02 19:00,-82.596536,58.750448,11.84534165,-8.071908321
2011-05-02 19:30,-82.591048,58.746694,11.85954376,-7.819169715
2011-05-02 20:00,-82.585011,58.743191,11.87374588,-7.566431108
2011-05-02 20:30,-82.578953,58.740039,11.88335856,-7.282569908
2011-05-02 21:00,-82.572696,58.737097,11.89297123,-6.998708707
2011-05-02 21:30,-82.56635,58.73445,11.81910996,-6.645929862
2011-05-02 22:00,-82.555228,58.728498,11.74524869,-6.293151016
2011-05-02 22:30,-82.53757,58.726643,11.54099812,-5.862014552
2011-05-02 23:00,-82.52243,58.715212,11.33674756,-5.430878089
2011-05-02 23:30,-82.526651,58.703853,11.17895635,-5.257398049
2011-05-03 0:00,-82.529393,58.688111,11.02116514,-5.083918009
2011-05-03 0:30,-82.545041,58.680874,10.59095073,-4.714250866
2011-05-03 1:00,-82.552306,58.663953,10.16073632,-4.344583724
2011-05-03 1:30,-82.559017,58.647188,9.776521976,-3.959216349
2011-05-03 2:00,-82.557416,58.634696,9.392307633,-3.573848975
2011-05-03 2:30,-82.557248,58.630057,9.11137625,-3.258955647
2011-05-03 3:00,-82.554928,58.627882,8.830444868,-2.944062319
2011-05-03 3:30,-82.546877,58.619399,8.57545103,-2.595320544
2011-05-03 4:00,-82.558827,58.604337,8.320457193,-2.246578769
2011-05-03 4:30,-82.565137,58.588432,8.149640498,-1.98565431
2011-05-03 5:00,-82.564443,58.569929,7.978823802,-1.724729851
2011-05-03 5:30,-82.575082,58.554647,7.78673217,-1.499980494
2011-05-03 6:00,-82.579286,58.545413,7.594640538,-1.275231138
2011-05-03 6:30,-82.580543,58.540567,7.459602092,-0.996198345
2011-05-03 7:00,-82.57678,58.539646,7.324563647,-0.717165553
2011-05-03 7:30,-82.572451,58.539029,7.222878355,-0.448769835
2011-05-03 8:00,-82.567936,58.538527,7.121193064,-0.180374116
2011-05-03 8:30,-82.5631,58.538298,6.990113634,0.065704954
2011-05-03 9:00,-82.558035,58.538285,6.859034205,0.311784025
2011-05-03 9:30,-82.552832,58.538335,6.711427026,0.60009351
2011-05-03 10:00,-82.547581,58.538566,6.563819846,0.888402995
2011-05-03 10:30,-82.542922,58.536468,6.376971039,1.08652678
2011-05-03 11:00,-82.528649,58.524013,6.190122232,1.284650564
2011-05-03 11:30,-82.521752,58.514263,6.783569373,1.591759825
2011-05-03 12:00,-82.51639,58.514465,7.377016513,1.898869085
2011-05-03 12:30,-82.512639,58.514745,8.059938329,2.247377136
2011-05-03 13:00,-82.507255,58.515439,8.742860145,2.595885187
2011-05-03 13:30,-82.487691,58.513064,8.567675216,2.826438208
2011-05-03 14:00,-82.474006,58.502606,8.392490286,3.056991229
2011-05-03 14:30,-82.459314,58.491217,8.748310885,3.257576852
2011-05-03 15:00,-82.449897,58.484197,9.104131484,3.458162474
2011-05-03 15:30,-82.440822,58.479839,8.958606614,3.329788522
2011-05-03 16:00,-82.435283,58.479451,8.813081743,3.201414571
2011-05-03 16:30,-82.417261,58.466168,8.875042182,3.023095758
2011-05-03 17:00,-82.400481,58.454177,8.93700262,2.844776946
2011-05-03 17:30,-82.386144,58.447318,9.151591895,2.866983397
2011-05-03 18:00,-82.380448,58.447701,9.366181169,2.889189847
2011-05-03 18:30,-82.373666,58.448115,9.494170196,2.780439894
2011-05-03 19:00,-82.367069,58.448695,9.622159223,2.671689942
2011-05-03 19:30,-82.360042,58.449515,9.487036524,1.853960094
2011-05-03 20:00,-82.353258,58.450366,9.351913825,1.036230246
2011-05-03 20:30,-82.347058,58.451302,9.296400536,0.734645935
2011-05-03 21:00,-82.340364,58.452494,9.240887247,0.433061624
2011-05-03 21:30,-82.326519,58.447432,9.227671599,0.420484375
2011-05-03 22:00,-82.318512,58.438512,9.214455951,0.407907126
2011-05-03 22:30,-82.303252,58.427537,9.917653804,1.23455454
2011-05-03 23:00,-82.299814,58.420002,10.62085166,2.061201954
2011-05-03 23:30,-82.29468,58.406936,10.10952381,2.225753265
2011-05-04 0:00,-82.281179,58.394638,9.598195957,2.390304577
2011-05-04 0:30,-82.273538,58.38406,9.46721239,2.482215496
2011-05-04 1:00,-82.278978,58.370846,9.336228823,2.574126414
2011-05-04 1:30,-82.288883,58.358071,9.069006405,2.547561207
2011-05-04 2:00,-82.298016,58.343257,8.801783987,2.520995999
2011-05-04 2:30,-82.305246,58.33916,8.477806007,2.55382387
2011-05-04 3:00,-82.324303,58.341585,8.153828027,2.586651742
2011-05-04 3:30,-82.326085,58.34101,7.906523911,2.64260534
2011-05-04 4:00,-82.324369,58.343426,7.659219796,2.698558939
2011-05-04 4:30,-82.336015,58.340408,7.565683287,2.779638298
2011-05-04 5:00,-82.337142,58.323717,7.472146779,2.860717657
2011-05-04 5:30,-82.342413,58.309438,7.41079154,2.869296908
2011-05-04 6:00,-82.368381,58.299811,7.349436302,2.877876159
2011-05-04 6:30,-82.353742,58.288321,7.135144937,2.572896852
2011-05-04 7:00,-82.339191,58.276697,6.920853572,2.267917545
2011-05-04 7:30,-82.325894,58.26322,6.667385095,1.745304774
2011-05-04 8:00,-82.31345,58.248224,6.413916619,1.222692003
2011-05-04 8:30,-82.30909,58.246225,6.407715165,1.206306938
2011-05-04 9:00,-82.308282,58.246559,6.401513712,1.189921873
2011-05-04 9:30,-82.30778,58.246859,6.403641145,1.303528836
2011-05-04 10:00,-82.307437,58.247163,6.405768578,1.417135798
2011-05-04 10:30,-82.307127,58.247503,6.655603918,2.032136452
2011-05-04 11:00,-82.306762,58.247786,6.905439257,2.647137106
2011-05-04 11:30,-82.306536,58.248197,6.85666826,2.444450935
2011-05-04 12:00,-82.306253,58.248564,6.807897263,2.241764765
2011-05-04 12:30,-82.30625,58.248894,6.611855305,2.097337849
2011-05-04 13:00,-82.30628,58.249039,6.415813347,1.952910934
2011-05-04 13:30,-82.306541,58.249244,6.092553808,1.866931932
2011-05-04 14:00,-82.307039,58.249431,5.769294269,1.78095293
2011-05-04 14:30,-82.307004,58.249361,5.658989466,1.861599133
2011-05-04 15:00,-82.307849,58.249564,5.548684662,1.942245336
2011-05-04 15:30,-82.30749,58.249378,5.448548166,2.152893331
2011-05-04 16:00,-82.315016,58.248389,5.34841167,2.363541325
2011-05-04 16:30,-82.31777,58.250362,5.123356015,2.533452414
2011-05-04 17:00,-82.319176,58.247169,4.89830036,2.703363504
2011-05-04 17:30,-82.337754,58.247283,4.620537869,2.918175052
2011-05-04 18:00,-82.363332,58.253959,4.342775377,3.1329866
2011-05-04 18:30,-82.385034,58.255481,4.169047454,3.300072043
2011-05-04 19:00,-82.401851,58.262277,3.995319531,3.467157485
2011-05-04 19:30,-82.401341,58.262907,3.774691368,3.679506487
2011-05-04 20:00,-82.400573,58.263585,3.554063204,3.891855489
2011-05-04 20:30,-82.399665,58.264291,3.288831739,4.017572282
2011-05-04 21:00,-82.398659,58.265016,3.023600275,4.143289075
2011-05-04 21:30,-82.397431,58.266093,2.690152387,4.231170702
2011-05-04 22:00,-82.396199,58.267201,2.356704499,4.319052328
2011-05-04 22:30,-82.395158,58.268284,2.02404568,4.320359855
2011-05-04 23:00,-82.394419,58.269459,1.69138686,4.321667381
2011-05-04 23:30,-82.394056,58.270465,1.424783006,4.490689022
2011-05-05 0:00,-82.394129,58.271444,1.158179151,4.659710662
