"ID","time","x","y","loc_class"
"T172062",2017-08-08 00:20:00,-80.6525,72.2728,"GPS"
"T172062",2017-08-08 00:42:00,-80.6665,72.2719,"GPS"
"T172062",2017-08-08 00:52:00,-80.6692,72.2674,"GPS"
"T172062",2017-08-08 01:09:00,-80.6682,72.2582,"GPS"
"T172062",2017-08-08 01:19:00,-80.6613,72.2574,"GPS"
"T172062",2017-08-08 01:29:00,-80.6592,72.2563,"GPS"
"T172062",2017-08-08 01:44:00,-80.6557,72.2539,"GPS"
"T172062",2017-08-08 02:04:00,-80.6558,72.255,"GPS"
"T172062",2017-08-08 02:16:00,-80.6475,72.2577,"GPS"
"T172062",2017-08-08 02:26:00,-80.6316,72.2582,"GPS"
"T172062",2017-08-08 02:41:00,-80.6158,72.2534,"GPS"
"T172062",2017-08-08 03:02:00,-80.5892,72.2403,"GPS"
"T172062",2017-08-08 03:15:00,-80.5759,72.2338,"GPS"
"T172062",2017-08-08 03:25:00,-80.5767,72.2269,"GPS"
"T172062",2017-08-08 03:36:00,-80.57,72.2211,"GPS"
"T172062",2017-08-08 04:11:00,-80.5697,72.1905,"GPS"
"T172062",2017-08-08 04:20:00,-80.5599,72.1813,"GPS"
"T172062",2017-08-08 04:31:00,-80.5483,72.1727,"GPS"
"T172062",2017-08-08 04:44:00,-80.536,72.1631,"GPS"
"T172062",2017-08-08 05:02:00,-80.5235,72.1482,"GPS"
"T172062",2017-08-08 05:12:00,-80.5156,72.1392,"GPS"
"T172062",2017-08-08 05:29:00,-80.4939,72.1258,"GPS"
"T172062",2017-08-08 05:39:00,-80.4907,72.1158,"GPS"
"T172062",2017-08-08 06:00:00,-80.5002,72.0977,"GPS"
"T172062",2017-08-08 06:13:00,-80.5049,72.0873,"GPS"
"T172062",2017-08-08 06:22:00,-80.5034,72.0781,"GPS"
"T172062",2017-08-08 06:32:00,-80.4967,72.0694,"GPS"
"T172062",2017-08-08 07:11:00,-80.512,72.0471,"GPS"
"T172062",2017-08-08 07:21:00,-80.5282,72.0445,"GPS"
"T172062",2017-08-08 07:34:00,-80.5478,72.0395,"GPS"
"T172062",2017-08-08 07:49:00,-80.5674,72.0331,"GPS"
"T172062",2017-08-08 08:04:00,-80.5795,72.0272,"GPS"
"T172062",2017-08-08 08:16:00,-80.5908,72.0243,"GPS"
"T172062",2017-08-08 08:30:00,-80.6075,72.023,"GPS"
"T172062",2017-08-08 08:40:00,-80.6217,72.0218,"GPS"
"T172062",2017-08-08 09:20:00,-80.6583,72.0199,"GPS"
"T172062",2017-08-08 09:36:00,-80.6732,72.0218,"GPS"
"T172062",2017-08-08 09:47:00,-80.6754,72.0221,"GPS"
"T172062",2017-08-08 09:57:00,-80.6724,72.0231,"GPS"
"T172062",2017-08-08 10:09:00,-80.684,72.0216,"GPS"
"T172062",2017-08-08 10:23:00,-80.6834,72.0237,"GPS"
"T172062",2017-08-08 10:33:00,-80.6859,72.0252,"GPS"
"T172062",2017-08-08 10:44:00,-80.6861,72.026,"GPS"
"T172062",2017-08-08 11:12:00,-80.6771,72.0341,"GPS"
"T172062",2017-08-08 11:22:00,-80.6767,72.0373,"GPS"
"T172062",2017-08-08 11:46:00,-80.6639,72.0371,"GPS"
"T172062",2017-08-08 11:58:00,-80.6595,72.0373,"GPS"
"T172062",2017-08-08 12:08:00,-80.655,72.0358,"GPS"
"T172062",2017-08-08 12:27:00,-80.6589,72.033,"GPS"
"T172062",2017-08-08 12:38:00,-80.655,72.0325,"GPS"
"T172062",2017-08-08 12:53:00,-80.6581,72.0325,"GPS"
"T172062",2017-08-08 13:10:00,-80.6521,72.0302,"GPS"
"T172062",2017-08-08 13:32:00,-80.6427,72.0319,"GPS"
"T172062",2017-08-08 13:58:00,-80.636,72.0314,"GPS"
"T172062",2017-08-08 14:08:00,-80.6243,72.0298,"GPS"
"T172062",2017-08-08 14:18:00,-80.6092,72.0303,"GPS"
"T172062",2017-08-08 14:28:00,-80.5975,72.0318,"GPS"
"T172062",2017-08-08 14:39:00,-80.5867,72.0305,"GPS"
"T172062",2017-08-08 15:01:00,-80.582,72.0266,"GPS"
"T172062",2017-08-08 15:14:00,-80.5874,72.0265,"GPS"
"T172062",2017-08-08 15:24:00,-80.5934,72.0295,"GPS"
"T172062",2017-08-08 15:37:00,-80.5916,72.0296,"GPS"
"T172062",2017-08-08 16:00:00,-80.5938,72.0276,"GPS"
"T172062",2017-08-08 16:20:00,-80.6184,72.0215,"GPS"
"T172062",2017-08-08 16:31:00,-80.6345,72.024,"GPS"
"T172062",2017-08-08 16:43:00,-80.6494,72.0272,"GPS"
"T172062",2017-08-08 17:32:00,-80.6276,72.0319,"GPS"
"T172062",2017-08-08 17:46:00,-80.6065,72.0334,"GPS"
"T172062",2017-08-08 17:57:00,-80.5934,72.0358,"GPS"
"T172062",2017-08-08 18:07:00,-80.577,72.0381,"GPS"
"T172062",2017-08-08 18:17:00,-80.5637,72.0398,"GPS"
"T172062",2017-08-09 00:02:00,-80.4611,72.2265,"GPS"
"T172062",2017-08-09 00:15:00,-80.4571,72.2294,"GPS"
"T172062",2017-08-09 00:31:00,-80.4561,72.2336,"GPS"
"T172062",2017-08-09 00:40:00,-80.4576,72.2363,"GPS"
"T172062",2017-08-09 01:00:00,-80.4715,72.2439,"GPS"
"T172062",2017-08-09 01:10:00,-80.4784,72.2471,"GPS"
"T172062",2017-08-09 01:20:00,-80.4859,72.2506,"GPS"
"T172062",2017-08-09 01:36:00,-80.4999,72.2563,"GPS"
"T172062",2017-08-09 02:07:00,-80.5603,72.2662,"GPS"
"T172062",2017-08-09 02:21:00,-80.5735,72.2733,"GPS"
"T172062",2017-08-09 02:35:00,-80.5752,72.2783,"GPS"
"T172062",2017-08-09 03:03:00,-80.5573,72.2897,"GPS"
"T172062",2017-08-09 03:31:00,-80.5294,72.2956,"GPS"
"T172062",2017-08-09 03:58:00,-80.5284,72.3047,"GPS"
"T172062",2017-08-09 04:11:00,-80.5228,72.2992,"GPS"
"T172062",2017-08-09 04:39:00,-80.5103,72.2936,"GPS"
"T172062",2017-08-09 04:52:00,-80.5203,72.2875,"GPS"
"T172062",2017-08-09 05:13:00,-80.52,72.2846,"GPS"
"T172062",2017-08-09 05:26:00,-80.5083,72.285,"GPS"
"T172062",2017-08-09 05:36:00,-80.4955,72.2838,"GPS"
"T172062",2017-08-09 05:56:00,-80.4807,72.289,"GPS"
"T172062",2017-08-09 06:25:00,-80.4646,72.3001,"GPS"
"T172062",2017-08-09 06:38:00,-80.456,72.309,"GPS"
"T172062",2017-08-09 06:48:00,-80.4499,72.3177,"GPS"
"T172062",2017-08-09 06:59:00,-80.4477,72.3254,"GPS"
"T172062",2017-08-09 07:09:00,-80.4481,72.332,"GPS"
"T172062",2017-08-09 07:20:00,-80.4513,72.3412,"GPS"
"T172062",2017-08-09 07:32:00,-80.4567,72.3513,"GPS"
"T172062",2017-08-09 07:42:00,-80.458,72.3607,"GPS"
"T172062",2017-08-09 08:00:00,-80.4359,72.3673,"GPS"
"T172062",2017-08-09 08:11:00,-80.4203,72.3749,"GPS"
"T172062",2017-08-09 08:22:00,-80.4006,72.3827,"GPS"
"T172062",2017-08-09 08:33:00,-80.3874,72.3865,"GPS"
"T172062",2017-08-09 09:01:00,-80.3976,72.4058,"GPS"
"T172062",2017-08-09 09:15:00,-80.3993,72.418,"GPS"
"T172062",2017-08-09 09:26:00,-80.3749,72.4218,"GPS"
"T172062",2017-08-09 09:50:00,-80.3298,72.4203,"GPS"
"T172062",2017-08-09 10:17:00,-80.3314,72.4054,"GPS"
"T172062",2017-08-09 10:32:00,-80.3677,72.4055,"GPS"
"T172062",2017-08-09 10:44:00,-80.3896,72.4,"GPS"
"T172062",2017-08-09 10:57:00,-80.3947,72.4029,"GPS"
"T172062",2017-08-09 11:08:00,-80.4067,72.4093,"GPS"
"T172062",2017-08-09 11:21:00,-80.4019,72.418,"GPS"
"T172062",2017-08-09 11:32:00,-80.3935,72.4256,"GPS"
"T172062",2017-08-09 11:43:00,-80.3825,72.4308,"GPS"
"T172062",2017-08-09 12:03:00,-80.3599,72.4279,"GPS"
"T172062",2017-08-09 12:22:00,-80.3345,72.4363,"GPS"
"T172062",2017-08-09 12:33:00,-80.3185,72.4418,"GPS"
"T172062",2017-08-09 12:48:00,-80.3099,72.4513,"GPS"
"T172062",2017-08-09 13:05:00,-80.3201,72.4625,"GPS"
"T172062",2017-08-09 13:24:00,-80.3714,72.4678,"GPS"
"T172062",2017-08-09 13:40:00,-80.4249,72.4694,"GPS"
"T172062",2017-08-09 13:50:00,-80.446,72.4715,"GPS"
"T172062",2017-08-09 14:14:00,-80.468,72.4554,"GPS"
"T172062",2017-08-09 14:27:00,-80.4858,72.4443,"GPS"
"T172062",2017-08-09 14:41:00,-80.4983,72.43,"GPS"
"T172062",2017-08-09 14:52:00,-80.5069,72.4186,"GPS"
"T172062",2017-08-09 15:02:00,-80.5101,72.4083,"GPS"
"T172062",2017-08-09 15:13:00,-80.5006,72.3965,"GPS"
"T172062",2017-08-09 15:33:00,-80.5166,72.3779,"GPS"
"T172062",2017-08-09 15:42:00,-80.5494,72.3747,"GPS"
"T172062",2017-08-09 16:00:00,-80.599,72.3622,"GPS"
"T172062",2017-08-09 16:10:00,-80.6264,72.3555,"GPS"
"T172062",2017-08-09 16:20:00,-80.6532,72.3477,"GPS"
"T172062",2017-08-09 16:31:00,-80.6733,72.3376,"GPS"
"T172062",2017-08-09 17:00:00,-80.7198,72.3103,"GPS"
"T172062",2017-08-09 17:10:00,-80.7375,72.3022,"GPS"
"T172062",2017-08-09 17:20:00,-80.7563,72.2938,"GPS"
"T172062",2017-08-09 17:32:00,-80.7776,72.2823,"GPS"
"T172062",2017-08-09 18:00:00,-80.8135,72.2557,"GPS"
"T172062",2017-08-09 18:10:00,-80.8236,72.2452,"GPS"
"T172062",2017-08-09 18:20:00,-80.8249,72.2351,"GPS"
"T172062",2017-08-10 00:03:00,-80.5719,72.1024,"GPS"
"T172062",2017-08-10 00:15:00,-80.5477,72.0964,"GPS"
"T172062",2017-08-10 00:32:00,-80.5371,72.0814,"GPS"
"T172062",2017-08-10 00:45:00,-80.5322,72.0688,"GPS"
"T172062",2017-08-10 01:10:00,-80.5442,72.0505,"GPS"
"T172062",2017-08-10 01:31:00,-80.5269,72.0424,"GPS"
"T172062",2017-08-10 01:48:00,-80.5047,72.0382,"GPS"
"T172062",2017-08-10 02:03:00,-80.4837,72.0384,"GPS"
"T172062",2017-08-10 02:13:00,-80.4754,72.0406,"GPS"
"T172062",2017-08-10 02:30:00,-80.4688,72.0475,"GPS"
"T172062",2017-08-10 02:48:00,-80.4582,72.0541,"GPS"
"T172062",2017-08-10 03:02:00,-80.4644,72.053,"GPS"
"T172062",2017-08-10 03:19:00,-80.4785,72.0529,"GPS"
"T172062",2017-08-10 03:30:00,-80.4817,72.0554,"GPS"
"T172062",2017-08-10 03:39:00,-80.4795,72.0576,"GPS"
"T172062",2017-08-10 04:07:00,-80.4784,72.067,"GPS"
"T172062",2017-08-10 04:23:00,-80.4855,72.0732,"GPS"
"T172062",2017-08-10 04:43:00,-80.4897,72.0826,"GPS"
"T172062",2017-08-10 05:08:00,-80.4728,72.0895,"GPS"
"T172062",2017-08-10 05:18:00,-80.4626,72.0909,"GPS"
"T172062",2017-08-10 05:32:00,-80.4627,72.0978,"GPS"
"T172062",2017-08-10 05:44:00,-80.474,72.1027,"GPS"
"T172062",2017-08-10 06:00:00,-80.4875,72.1115,"GPS"
"T172062",2017-08-10 06:12:00,-80.5005,72.1172,"GPS"
"T172062",2017-08-10 06:22:00,-80.504,72.125,"GPS"
"T172062",2017-08-10 06:32:00,-80.5036,72.1316,"GPS"
"T172062",2017-08-10 07:25:00,-80.508,72.1681,"GPS"
"T172062",2017-08-10 07:38:00,-80.5064,72.1798,"GPS"
"T172062",2017-08-10 07:50:00,-80.5102,72.1892,"GPS"
"T172062",2017-08-10 07:59:00,-80.5128,72.1959,"GPS"
"T172062",2017-08-10 08:09:00,-80.5193,72.2032,"GPS"
"T172062",2017-08-10 08:20:00,-80.5234,72.2124,"GPS"
"T172062",2017-08-10 08:31:00,-80.5226,72.2221,"GPS"
"T172062",2017-08-10 08:42:00,-80.5224,72.2303,"GPS"
"T172062",2017-08-10 09:01:00,-80.5006,72.24,"GPS"
"T172062",2017-08-10 09:11:00,-80.489,72.2411,"GPS"
"T172062",2017-08-10 09:29:00,-80.4825,72.2379,"GPS"
"T172062",2017-08-10 09:41:00,-80.4788,72.235,"GPS"
"T172062",2017-08-10 10:11:00,-80.4485,72.2262,"GPS"
"T172062",2017-08-10 10:46:00,-80.4025,72.2234,"GPS"
"T172062",2017-08-10 10:56:00,-80.3984,72.2243,"GPS"
"T172062",2017-08-10 11:11:00,-80.3893,72.2282,"GPS"
"T172062",2017-08-10 11:25:00,-80.3732,72.2326,"GPS"
"T172062",2017-08-10 11:37:00,-80.359,72.2375,"GPS"
"T172062",2017-08-10 11:47:00,-80.3473,72.2439,"GPS"
"T172062",2017-08-10 12:06:00,-80.3343,72.2555,"GPS"
"T172062",2017-08-10 12:17:00,-80.3273,72.2631,"GPS"
"T172062",2017-08-10 12:31:00,-80.3177,72.2704,"GPS"
"T172062",2017-08-10 12:41:00,-80.3091,72.2743,"GPS"
"T172062",2017-08-10 13:15:00,-80.2907,72.276,"GPS"
"T172062",2017-08-10 13:25:00,-80.2853,72.2819,"GPS"
"T172062",2017-08-10 13:38:00,-80.2775,72.2891,"GPS"
"T172062",2017-08-10 13:48:00,-80.2775,72.294,"GPS"
"T172062",2017-08-10 14:11:00,-80.3123,72.3075,"GPS"
"T172062",2017-08-10 14:29:00,-80.3345,72.3183,"GPS"
"T172062",2017-08-10 14:41:00,-80.3464,72.3255,"GPS"
"T172062",2017-08-10 14:51:00,-80.3447,72.3326,"GPS"
"T172062",2017-08-10 15:02:00,-80.3397,72.3411,"GPS"
"T172062",2017-08-10 15:15:00,-80.3255,72.3492,"GPS"
"T172062",2017-08-10 15:28:00,-80.3083,72.3562,"GPS"
"T172062",2017-08-10 15:43:00,-80.3012,72.3651,"GPS"
"T172062",2017-08-10 16:10:00,-80.2947,72.3803,"GPS"
"T172062",2017-08-10 16:27:00,-80.2873,72.3881,"GPS"
"T172062",2017-08-10 16:36:00,-80.2755,72.3946,"GPS"
"T172062",2017-08-10 16:48:00,-80.2621,72.4029,"GPS"
"T172062",2017-08-10 17:03:00,-80.2407,72.4158,"GPS"
"T172062",2017-08-10 17:27:00,-80.216,72.4265,"GPS"
"T172062",2017-08-10 17:51:00,-80.1769,72.4234,"GPS"
"T172062",2017-08-10 18:14:00,-80.1685,72.4326,"GPS"
"T172062",2017-08-10 18:25:00,-80.1826,72.4406,"GPS"
"T172062",2017-08-10 18:35:00,-80.1978,72.4476,"GPS"
"T172062",2017-08-10 18:45:00,-80.23,72.4534,"GPS"
"T172062",2017-08-11 00:01:00,-80.3488,72.5467,"GPS"
"T172062",2017-08-11 00:13:00,-80.3296,72.549,"GPS"
"T172062",2017-08-11 00:27:00,-80.3038,72.5514,"GPS"
"T172062",2017-08-11 00:37:00,-80.2867,72.5524,"GPS"
"T172062",2017-08-11 01:00:00,-80.2394,72.5543,"GPS"
"T172062",2017-08-11 01:10:00,-80.2157,72.5578,"GPS"
"T172062",2017-08-11 01:22:00,-80.1843,72.5588,"GPS"
"T172062",2017-08-11 01:32:00,-80.162,72.5613,"GPS"
"T172062",2017-08-11 02:01:00,-80.1239,72.5596,"GPS"
"T172062",2017-08-11 02:14:00,-80.1134,72.5496,"GPS"
"T172062",2017-08-11 02:40:00,-80.0689,72.5402,"GPS"
"T172062",2017-08-11 03:01:00,-80.0422,72.536,"GPS"
"T172062",2017-08-11 03:25:00,-80.0322,72.5484,"GPS"
"T172062",2017-08-11 03:35:00,-80.0236,72.5535,"GPS"
"T172062",2017-08-11 04:03:00,-80.0122,72.5627,"GPS"
"T172062",2017-08-11 04:27:00,-80.0253,72.5575,"GPS"
"T172062",2017-08-11 04:37:00,-80.0256,72.5613,"GPS"
"T172062",2017-08-11 04:47:00,-80.02,72.5672,"GPS"
"T172062",2017-08-11 05:10:00,-79.9896,72.5675,"GPS"
"T172062",2017-08-11 05:21:00,-79.9755,72.5633,"GPS"
"T172062",2017-08-11 05:44:00,-79.9663,72.5517,"GPS"
"T172062",2017-08-11 06:05:00,-79.9682,72.5423,"GPS"
"T172062",2017-08-11 06:28:00,-79.9623,72.5421,"GPS"
"T172062",2017-08-11 06:50:00,-79.978,72.5419,"GPS"
"T172062",2017-08-11 07:01:00,-79.9743,72.5462,"GPS"
"T172062",2017-08-11 07:11:00,-79.9679,72.5514,"GPS"
"T172062",2017-08-11 07:29:00,-79.9506,72.5558,"GPS"
"T172062",2017-08-11 07:42:00,-79.9408,72.5615,"GPS"
"T172062",2017-08-11 08:00:00,-79.9329,72.5732,"GPS"
"T172062",2017-08-11 08:10:00,-79.9325,72.5801,"GPS"
"T172062",2017-08-11 08:20:00,-79.9366,72.5876,"GPS"
"T172062",2017-08-11 08:30:00,-79.9421,72.5942,"GPS"
"T172062",2017-08-11 09:03:00,-79.9698,72.6088,"GPS"
"T172062",2017-08-11 09:14:00,-79.9922,72.6091,"GPS"
"T172062",2017-08-11 09:25:00,-80.0029,72.6111,"GPS"
"T172062",2017-08-11 09:45:00,-80.0063,72.5986,"GPS"
"T172062",2017-08-11 10:01:00,-80.014,72.5918,"GPS"
"T172062",2017-08-11 10:26:00,-80.0217,72.5919,"GPS"
"T172062",2017-08-11 10:39:00,-80.0248,72.5924,"GPS"
"T172062",2017-08-11 10:50:00,-80.035,72.5916,"GPS"
"T172062",2017-08-11 11:00:00,-80.0327,72.5864,"GPS"
"T172062",2017-08-11 11:13:00,-80.0359,72.5855,"GPS"
"T172062",2017-08-11 11:23:00,-80.0379,72.5872,"GPS"
"T172062",2017-08-11 11:37:00,-80.0395,72.589,"GPS"
"T172062",2017-08-11 12:00:00,-80.0464,72.5928,"GPS"
"T172062",2017-08-11 12:11:00,-80.046,72.597,"GPS"
"T172062",2017-08-11 12:26:00,-80.0405,72.6052,"GPS"
"T172062",2017-08-11 12:36:00,-80.0328,72.6072,"GPS"
"T172062",2017-08-11 13:00:00,-79.9889,72.6041,"GPS"
"T172062",2017-08-11 13:10:00,-79.9661,72.604,"GPS"
"T172062",2017-08-11 13:20:00,-79.9505,72.6023,"GPS"
"T172062",2017-08-11 13:47:00,-79.9277,72.5946,"GPS"
"T172062",2017-08-11 14:12:00,-79.9082,72.5908,"GPS"
"T172062",2017-08-11 14:38:00,-79.921,72.6014,"GPS"
"T172062",2017-08-11 14:53:00,-79.9348,72.6094,"GPS"
"T172062",2017-08-11 15:02:00,-79.9477,72.6141,"GPS"
"T172062",2017-08-11 15:17:00,-79.9639,72.6125,"GPS"
"T172062",2017-08-11 15:27:00,-79.9542,72.607,"GPS"
"T172062",2017-08-11 15:42:00,-79.94,72.5995,"GPS"
"T172062",2017-08-11 16:00:00,-79.9201,72.5905,"GPS"
"T172062",2017-08-11 16:10:00,-79.9048,72.5883,"GPS"
"T172062",2017-08-11 16:20:00,-79.8964,72.586,"GPS"
"T172062",2017-08-11 16:39:00,-79.8942,72.5841,"GPS"
"T172062",2017-08-11 17:00:00,-79.8908,72.5802,"GPS"
"T172062",2017-08-11 17:10:00,-79.888,72.5734,"GPS"
"T172062",2017-08-11 17:21:00,-79.8745,72.5657,"GPS"
"T172062",2017-08-11 17:43:00,-79.8555,72.5562,"GPS"
"T172062",2017-08-11 18:03:00,-79.8334,72.5534,"GPS"
"T172062",2017-08-11 18:23:00,-79.7981,72.5543,"GPS"
"T172062",2017-08-11 18:33:00,-79.7742,72.5565,"GPS"
"T172062",2017-08-11 18:44:00,-79.7462,72.5577,"GPS"
"T172062",2017-08-11 19:12:00,-79.7113,72.5581,"GPS"
"T172062",2017-08-12 00:16:00,-79.3301,72.5989,"GPS"
"T172062",2017-08-12 00:38:00,-79.2879,72.5912,"GPS"
"T172062",2017-08-12 01:01:00,-79.2486,72.5884,"GPS"
"T172062",2017-08-12 01:25:00,-79.2184,72.5767,"GPS"
"T172062",2017-08-12 01:35:00,-79.19,72.5722,"GPS"
"T172062",2017-08-12 01:59:00,-79.151,72.5691,"GPS"
"T172062",2017-08-12 02:10:00,-79.1155,72.5726,"GPS"
"T172062",2017-08-12 02:21:00,-79.0755,72.5709,"GPS"
"T172062",2017-08-12 02:47:00,-79.0249,72.5611,"GPS"
"T172062",2017-08-12 03:11:00,-78.9848,72.5479,"GPS"
"T172062",2017-08-12 03:21:00,-78.9738,72.5438,"GPS"
"T172062",2017-08-12 03:31:00,-78.9475,72.5498,"GPS"
"T172062",2017-08-12 03:50:00,-78.9213,72.5552,"GPS"
"T172062",2017-08-12 04:03:00,-78.9086,72.5652,"GPS"
"T172062",2017-08-12 04:13:00,-78.904,72.5732,"GPS"
"T172062",2017-08-12 04:27:00,-78.8901,72.5843,"GPS"
"T172062",2017-08-12 04:40:00,-78.8741,72.5952,"GPS"
"T172062",2017-08-12 05:02:00,-78.815,72.6111,"GPS"
"T172062",2017-08-12 05:13:00,-78.7757,72.6122,"GPS"
"T172062",2017-08-12 05:26:00,-78.7304,72.6133,"GPS"
"T172062",2017-08-12 05:37:00,-78.6883,72.6154,"GPS"
"T172062",2017-08-12 06:02:00,-78.6072,72.6254,"GPS"
"T172062",2017-08-12 06:14:00,-78.5697,72.635,"GPS"
"T172062",2017-08-12 06:30:00,-78.535,72.6502,"GPS"
"T172062",2017-08-12 06:40:00,-78.5198,72.6616,"GPS"
"T172062",2017-08-12 07:00:00,-78.5307,72.6814,"GPS"
"T172062",2017-08-12 07:10:00,-78.5501,72.6907,"GPS"
"T172062",2017-08-12 07:21:00,-78.5731,72.6994,"GPS"
"T172062",2017-08-12 07:31:00,-78.5983,72.7066,"GPS"
"T172062",2017-08-12 08:01:00,-78.6984,72.7119,"GPS"
"T172062",2017-08-12 08:13:00,-78.7388,72.7115,"GPS"
"T172062",2017-08-12 08:22:00,-78.7693,72.7105,"GPS"
"T172062",2017-08-12 08:32:00,-78.8024,72.7098,"GPS"
"T172062",2017-08-12 09:00:00,-78.9016,72.7042,"GPS"
"T172062",2017-08-12 09:11:00,-78.9384,72.6997,"GPS"
"T172062",2017-08-12 09:21:00,-78.9702,72.6949,"GPS"
"T172062",2017-08-12 09:31:00,-79.0024,72.6896,"GPS"
"T172062",2017-08-12 10:02:00,-79.1004,72.6742,"GPS"
"T172062",2017-08-12 10:11:00,-79.1282,72.6702,"GPS"
"T172062",2017-08-12 10:21:00,-79.1617,72.6654,"GPS"
"T172062",2017-08-12 10:33:00,-79.1995,72.6619,"GPS"
"T172062",2017-08-12 11:00:00,-79.2832,72.6518,"GPS"
"T172062",2017-08-12 11:10:00,-79.3135,72.6472,"GPS"
"T172062",2017-08-12 11:23:00,-79.3517,72.6429,"GPS"
"T172062",2017-08-12 11:35:00,-79.3821,72.6376,"GPS"
"T172062",2017-08-12 12:03:00,-79.4477,72.6252,"GPS"
"T172062",2017-08-12 12:13:00,-79.471,72.6211,"GPS"
"T172062",2017-08-12 12:23:00,-79.4942,72.6165,"GPS"
"T172062",2017-08-12 12:34:00,-79.5185,72.6117,"GPS"
"T172062",2017-08-12 13:01:00,-79.5754,72.6019,"GPS"
"T172062",2017-08-12 13:11:00,-79.5958,72.5983,"GPS"
"T172062",2017-08-12 13:24:00,-79.6211,72.5932,"GPS"
"T172062",2017-08-12 13:39:00,-79.6465,72.5877,"GPS"
"T172062",2017-08-12 14:01:00,-79.6805,72.5807,"GPS"
"T172062",2017-08-12 14:11:00,-79.6985,72.5792,"GPS"
"T172062",2017-08-12 14:24:00,-79.7193,72.5789,"GPS"
"T172062",2017-08-12 14:34:00,-79.7364,72.5815,"GPS"
"T172062",2017-08-12 15:01:00,-79.7444,72.5929,"GPS"
"T172062",2017-08-12 15:11:00,-79.732,72.5979,"GPS"
"T172062",2017-08-12 15:21:00,-79.72,72.6029,"GPS"
"T172062",2017-08-12 15:33:00,-79.709,72.6109,"GPS"
"T172062",2017-08-12 16:11:00,-79.6943,72.6288,"GPS"
"T172062",2017-08-12 16:33:00,-79.6923,72.6343,"GPS"
"T172062",2017-08-12 16:55:00,-79.6889,72.6317,"GPS"
"T172062",2017-08-12 17:22:00,-79.6888,72.6313,"GPS"
"T172062",2017-08-12 17:34:00,-79.6942,72.6328,"GPS"
"T172062",2017-08-12 17:45:00,-79.6899,72.636,"GPS"
"T172062",2017-08-12 18:07:00,-79.6846,72.636,"GPS"
"T172062",2017-08-12 18:30:00,-79.6864,72.6249,"GPS"
"T172062",2017-08-12 18:43:00,-79.6709,72.6173,"GPS"
"T172062",2017-08-12 18:53:00,-79.6542,72.6141,"GPS"
"T172062",2017-08-12 19:05:00,-79.6388,72.6132,"GPS"
"T172062",2017-08-13 00:02:00,-79.4812,72.6507,"GPS"
"T172062",2017-08-13 00:14:00,-79.4687,72.6493,"GPS"
"T172062",2017-08-13 00:24:00,-79.455,72.6472,"GPS"
"T172062",2017-08-13 00:36:00,-79.4365,72.6443,"GPS"
"T172062",2017-08-13 01:01:00,-79.3991,72.6432,"GPS"
"T172062",2017-08-13 01:12:00,-79.3833,72.6429,"GPS"
"T172062",2017-08-13 01:22:00,-79.3701,72.6425,"GPS"
"T172062",2017-08-13 01:32:00,-79.3548,72.6408,"GPS"
"T172062",2017-08-13 02:01:00,-79.3091,72.6347,"GPS"
"T172062",2017-08-13 02:11:00,-79.2896,72.6316,"GPS"
"T172062",2017-08-13 02:23:00,-79.2715,72.627,"GPS"
"T172062",2017-08-13 02:32:00,-79.2763,72.6224,"GPS"
"T172062",2017-08-13 03:08:00,-79.2334,72.6143,"GPS"
"T172062",2017-08-13 03:26:00,-79.2046,72.6174,"GPS"
"T172062",2017-08-13 03:36:00,-79.1891,72.6226,"GPS"
"T172062",2017-08-13 03:47:00,-79.1716,72.6286,"GPS"
"T172062",2017-08-13 04:04:00,-79.1341,72.6389,"GPS"
"T172062",2017-08-13 04:18:00,-79.0924,72.6439,"GPS"
"T172062",2017-08-13 04:28:00,-79.0583,72.6431,"GPS"
"T172062",2017-08-13 04:51:00,-79.0092,72.6431,"GPS"
"T172062",2017-08-13 05:11:00,-78.9819,72.6459,"GPS"
"T172062",2017-08-13 05:36:00,-78.9462,72.6575,"GPS"
"T172062",2017-08-13 05:46:00,-78.9344,72.6638,"GPS"
"T172062",2017-08-13 05:57:00,-78.924,72.6727,"GPS"
"T172062",2017-08-13 06:07:00,-78.9167,72.6819,"GPS"
"T172062",2017-08-13 06:25:00,-78.8993,72.7003,"GPS"
"T172062",2017-08-13 06:39:00,-78.8725,72.7147,"GPS"
"T172062",2017-08-13 06:49:00,-78.8498,72.7227,"GPS"
"T172062",2017-08-13 07:07:00,-78.8184,72.73,"GPS"
"T172062",2017-08-13 07:30:00,-78.7745,72.7379,"GPS"
"T172062",2017-08-13 07:55:00,-78.7266,72.7491,"GPS"
"T172062",2017-08-13 08:06:00,-78.6955,72.7538,"GPS"
"T172062",2017-08-13 08:16:00,-78.6591,72.7586,"GPS"
"T172062",2017-08-13 08:44:00,-78.59,72.7555,"GPS"
"T172062",2017-08-13 08:57:00,-78.5476,72.7579,"GPS"
"T172062",2017-08-13 09:07:00,-78.508,72.7574,"GPS"
"T172062",2017-08-13 09:33:00,-78.4426,72.7524,"GPS"
"T172062",2017-08-13 10:01:00,-78.4009,72.7396,"GPS"
"T172062",2017-08-13 10:21:00,-78.3796,72.7306,"GPS"
"T172062",2017-08-13 10:41:00,-78.3583,72.7216,"GPS"
"T172062",2017-08-13 11:03:00,-78.372,72.7187,"GPS"
"T172062",2017-08-13 11:15:00,-78.3631,72.7275,"GPS"
"T172062",2017-08-13 11:27:00,-78.3485,72.7398,"GPS"
"T172062",2017-08-13 11:37:00,-78.3351,72.7501,"GPS"
"T172062",2017-08-13 12:01:00,-78.2663,72.7634,"GPS"
"T172062",2017-08-13 12:14:00,-78.2236,72.7652,"GPS"
"T172062",2017-08-13 12:26:00,-78.186,72.7624,"GPS"
"T172062",2017-08-13 12:36:00,-78.1582,72.7579,"GPS"
"T172062",2017-08-13 13:00:00,-78.1095,72.7445,"GPS"
"T172062",2017-08-13 13:21:00,-78.0799,72.7363,"GPS"
"T172062",2017-08-13 13:42:00,-78.0333,72.7401,"GPS"
"T172062",2017-08-13 14:06:00,-77.993,72.7455,"GPS"
"T172062",2017-08-13 14:29:00,-77.9639,72.7484,"GPS"
"T172062",2017-08-13 14:55:00,-77.9483,72.748,"GPS"
"T172062",2017-08-13 15:21:00,-77.9387,72.7439,"GPS"
"T172062",2017-08-13 15:41:00,-77.9428,72.7375,"GPS"
"T172062",2017-08-13 16:02:00,-77.9471,72.7293,"GPS"
"T172062",2017-08-13 16:13:00,-77.9456,72.7301,"GPS"
"T172062",2017-08-13 16:24:00,-77.9448,72.7318,"GPS"
"T172062",2017-08-13 16:35:00,-77.9481,72.7348,"GPS"
"T172062",2017-08-13 17:00:00,-77.952,72.7405,"GPS"
"T172062",2017-08-13 17:10:00,-77.9567,72.7423,"GPS"
"T172062",2017-08-13 17:20:00,-77.9664,72.7444,"GPS"
"T172062",2017-08-13 17:30:00,-77.9745,72.747,"GPS"
"T172062",2017-08-13 18:01:00,-78.035,72.7595,"GPS"
"T172062",2017-08-13 18:12:00,-78.0653,72.7645,"GPS"
"T172062",2017-08-13 18:23:00,-78.0905,72.7695,"GPS"
"T172062",2017-08-13 18:33:00,-78.1168,72.7739,"GPS"
"T172062",2017-08-13 19:01:00,-78.1858,72.7832,"GPS"
"T172062",2017-08-13 19:16:00,-78.2007,72.7869,"GPS"
"T172062",2017-08-13 19:26:00,-78.2065,72.7891,"GPS"
"T172062",2017-08-13 19:40:00,-78.2096,72.7915,"GPS"
"T172062",2017-08-14 00:05:00,-78.917,72.7355,"GPS"
"T172062",2017-08-14 00:14:00,-78.922,72.733,"GPS"
"T172062",2017-08-14 00:27:00,-78.9285,72.7251,"GPS"
"T172062",2017-08-14 00:37:00,-78.9361,72.719,"GPS"
"T172062",2017-08-14 01:01:00,-78.9377,72.7055,"GPS"
"T172062",2017-08-14 01:11:00,-78.9356,72.7012,"GPS"
"T172062",2017-08-14 01:22:00,-78.9377,72.6973,"GPS"
"T172062",2017-08-14 01:44:00,-78.9346,72.6847,"GPS"
"T172062",2017-08-14 02:00:00,-78.9189,72.6757,"GPS"
"T172062",2017-08-14 02:10:00,-78.9116,72.6698,"GPS"
"T172062",2017-08-14 02:21:00,-78.9005,72.6634,"GPS"
"T172062",2017-08-14 02:33:00,-78.8904,72.6571,"GPS"
"T172062",2017-08-14 03:07:00,-78.8599,72.6395,"GPS"
"T172062",2017-08-14 03:27:00,-78.8338,72.6317,"GPS"
"T172062",2017-08-14 03:46:00,-78.8041,72.6277,"GPS"
"T172062",2017-08-14 04:03:00,-78.7884,72.6228,"GPS"
"T172062",2017-08-14 04:21:00,-78.7889,72.6153,"GPS"
"T172062",2017-08-14 04:38:00,-78.7842,72.6202,"GPS"
"T172062",2017-08-14 04:58:00,-78.7998,72.6238,"GPS"
"T172062",2017-08-14 05:09:00,-78.8076,72.6193,"GPS"
"T172062",2017-08-14 05:19:00,-78.8159,72.6152,"GPS"
"T172062",2017-08-14 05:39:00,-78.8142,72.6191,"GPS"
"T172062",2017-08-14 05:59:00,-78.7908,72.6372,"GPS"
"T172062",2017-08-14 06:12:00,-78.7851,72.6494,"GPS"
"T172062",2017-08-14 06:26:00,-78.7984,72.6605,"GPS"
"T172062",2017-08-14 06:36:00,-78.8103,72.6678,"GPS"
"T172062",2017-08-14 06:47:00,-78.8281,72.6755,"GPS"
"T172062",2017-08-14 07:02:00,-78.8669,72.6794,"GPS"
"T172062",2017-08-14 07:15:00,-78.8937,72.6814,"GPS"
"T172062",2017-08-14 07:24:00,-78.9142,72.6826,"GPS"
"T172062",2017-08-14 07:34:00,-78.9355,72.6847,"GPS"
"T172062",2017-08-14 08:00:00,-78.9869,72.6895,"GPS"
"T172062",2017-08-14 08:10:00,-79.0201,72.6864,"GPS"
"T172062",2017-08-14 08:20:00,-79.0458,72.6819,"GPS"
"T172062",2017-08-14 08:34:00,-79.0784,72.6722,"GPS"
"T172062",2017-08-14 09:00:00,-79.1521,72.6512,"GPS"
"T172062",2017-08-14 09:12:00,-79.1963,72.6443,"GPS"
"T172062",2017-08-14 09:24:00,-79.2367,72.639,"GPS"
"T172062",2017-08-14 09:43:00,-79.3019,72.6288,"GPS"
"T172062",2017-08-14 10:18:00,-79.4187,72.6168,"GPS"
"T172062",2017-08-14 10:38:00,-79.467,72.6016,"GPS"
"T172062",2017-08-14 10:58:00,-79.5256,72.5986,"GPS"
"T172062",2017-08-14 11:18:00,-79.5783,72.5987,"GPS"
"T172062",2017-08-14 11:31:00,-79.6093,72.5922,"GPS"
"T172062",2017-08-14 11:50:00,-79.6515,72.5868,"GPS"
"T172062",2017-08-14 12:06:00,-79.6995,72.588,"GPS"
"T172062",2017-08-14 12:25:00,-79.7518,72.5896,"GPS"
"T172062",2017-08-14 12:38:00,-79.7867,72.5895,"GPS"
"T172062",2017-08-14 12:49:00,-79.8132,72.5886,"GPS"
"T172062",2017-08-14 13:07:00,-79.8629,72.5881,"GPS"
"T172062",2017-08-14 13:18:00,-79.8973,72.5886,"GPS"
"T172062",2017-08-14 13:29:00,-79.9193,72.5909,"GPS"
"T172062",2017-08-14 13:38:00,-79.9441,72.5922,"GPS"
"T172062",2017-08-14 14:10:00,-80.0137,72.5935,"GPS"
"T172062",2017-08-14 14:26:00,-80.0478,72.5933,"GPS"
"T172062",2017-08-14 14:35:00,-80.0669,72.5939,"GPS"
"T172062",2017-08-14 14:57:00,-80.1073,72.5985,"GPS"
"T172062",2017-08-14 15:22:00,-80.1681,72.6104,"GPS"
"T172062",2017-08-14 15:32:00,-80.2005,72.6115,"GPS"
"T172062",2017-08-14 15:42:00,-80.2332,72.6145,"GPS"
"T172062",2017-08-14 15:52:00,-80.2659,72.618,"GPS"
"T172062",2017-08-14 16:04:00,-80.306,72.6214,"GPS"
"T172062",2017-08-14 16:14:00,-80.3366,72.6225,"GPS"
"T172062",2017-08-14 16:25:00,-80.3714,72.6213,"GPS"
"T172062",2017-08-14 16:35:00,-80.4013,72.6196,"GPS"
"T172062",2017-08-14 17:05:00,-80.4837,72.6059,"GPS"
"T172062",2017-08-14 17:16:00,-80.4964,72.596,"GPS"
"T172062",2017-08-14 17:29:00,-80.4949,72.5827,"GPS"
"T172062",2017-08-14 17:42:00,-80.5195,72.5739,"GPS"
"T172062",2017-08-14 18:06:00,-80.5865,72.5661,"GPS"
"T172062",2017-08-14 18:18:00,-80.619,72.5583,"GPS"
"T172062",2017-08-14 18:32:00,-80.6575,72.5505,"GPS"
"T172064",NA,-80.4679,72.4692,"GPS"
"T172064",2017-08-08 00:10:00,-80.4662,72.4572,"GPS"
"T172064",2017-08-08 00:21:00,-80.4842,72.4458,"GPS"
"T172064",2017-08-08 00:32:00,-80.4954,72.4339,"GPS"
"T172064",2017-08-08 01:02:00,-80.5056,72.4184,"GPS"
"T172064",2017-08-08 01:11:00,-80.5008,72.4264,"GPS"
"T172064",2017-08-08 01:21:00,-80.4944,72.4335,"GPS"
"T172064",2017-08-08 01:31:00,-80.4879,72.442,"GPS"
"T172064",2017-08-08 02:09:00,-80.4702,72.4512,"GPS"
"T172064",2017-08-08 02:19:00,-80.4667,72.4566,"GPS"
"T172064",2017-08-08 02:28:00,-80.4624,72.4616,"GPS"
"T172064",2017-08-08 02:40:00,-80.4679,72.4679,"GPS"
"T172064",2017-08-08 03:00:00,-80.4635,72.4604,"GPS"
"T172064",2017-08-08 03:11:00,-80.4642,72.4603,"GPS"
"T172064",2017-08-08 03:21:00,-80.4633,72.4609,"GPS"
"T172064",2017-08-08 03:31:00,-80.4696,72.4545,"GPS"
"T172064",2017-08-08 04:00:00,-80.4753,72.4508,"GPS"
"T172064",2017-08-08 04:25:00,-80.4843,72.4456,"GPS"
"T172064",2017-08-08 04:35:00,-80.4914,72.4384,"GPS"
"T172064",2017-08-08 04:45:00,-80.495,72.4313,"GPS"
"T172064",2017-08-08 05:00:00,-80.5008,72.4209,"GPS"
"T172064",2017-08-08 05:10:00,-80.5005,72.4136,"GPS"
"T172064",2017-08-08 05:21:00,-80.4983,72.4048,"GPS"
"T172064",2017-08-08 05:32:00,-80.4922,72.3958,"GPS"
"T172064",2017-08-08 06:00:00,-80.5264,72.3786,"GPS"
"T172064",2017-08-08 06:10:00,-80.5597,72.3749,"GPS"
"T172064",2017-08-08 06:24:00,-80.5981,72.3647,"GPS"
"T172064",2017-08-08 06:33:00,-80.6206,72.3579,"GPS"
"T172064",2017-08-08 07:00:00,-80.6763,72.3331,"GPS"
"T172064",2017-08-08 07:10:00,-80.6872,72.3242,"GPS"
"T172064",2017-08-08 07:21:00,-80.6979,72.3163,"GPS"
"T172064",2017-08-08 07:34:00,-80.7248,72.3074,"GPS"
"T172064",2017-08-08 08:01:00,-80.7765,72.2839,"GPS"
"T172064",2017-08-08 08:13:00,-80.794,72.2731,"GPS"
"T172064",2017-08-08 08:23:00,-80.8066,72.2644,"GPS"
"T172064",2017-08-08 08:34:00,-80.8143,72.2538,"GPS"
"T172064",2017-08-08 09:03:00,-80.833,72.2273,"GPS"
"T172064",2017-08-08 09:14:00,-80.8277,72.2174,"GPS"
"T172064",2017-08-08 09:26:00,-80.8056,72.2098,"GPS"
"T172064",2017-08-08 09:36:00,-80.8042,72.2019,"GPS"
"T172064",2017-08-08 10:02:00,-80.8313,72.1868,"GPS"
"T172064",2017-08-08 10:35:00,-80.8345,72.1756,"GPS"
"T172064",2017-08-08 10:46:00,-80.8204,72.1739,"GPS"
"T172064",2017-08-08 11:01:00,-80.8076,72.1669,"GPS"
"T172064",2017-08-08 11:11:00,-80.7967,72.1617,"GPS"
"T172064",2017-08-08 11:23:00,-80.7784,72.1563,"GPS"
"T172064",2017-08-08 11:32:00,-80.7672,72.1526,"GPS"
"T172064",2017-08-08 12:00:00,-80.7094,72.1518,"GPS"
"T172064",2017-08-08 12:13:00,-80.679,72.1504,"GPS"
"T172064",2017-08-08 12:24:00,-80.6576,72.1463,"GPS"
"T172064",2017-08-08 12:35:00,-80.6411,72.1401,"GPS"
"T172064",2017-08-08 13:02:00,-80.618,72.1206,"GPS"
"T172064",2017-08-08 13:17:00,-80.5958,72.1119,"GPS"
"T172064",2017-08-08 13:33:00,-80.5616,72.104,"GPS"
"T172064",2017-08-08 13:53:00,-80.5229,72.0958,"GPS"
"T172064",2017-08-08 14:11:00,-80.4987,72.0911,"GPS"
"T172064",2017-08-08 14:31:00,-80.4831,72.0776,"GPS"
"T172064",2017-08-08 14:49:00,-80.4713,72.0672,"GPS"
"T172064",2017-08-08 15:09:00,-80.4782,72.0578,"GPS"
"T172064",2017-08-08 15:28:00,-80.5003,72.0577,"GPS"
"T172064",2017-08-08 15:49:00,-80.517,72.0526,"GPS"
"T172064",2017-08-08 16:09:00,-80.534,72.0515,"GPS"
"T172064",2017-08-08 16:37:00,-80.5871,72.046,"GPS"
"T172064",2017-08-08 17:01:00,-80.6154,72.0507,"GPS"
"T172064",2017-08-08 17:21:00,-80.5949,72.0516,"GPS"
"T172064",2017-08-08 17:43:00,-80.5669,72.0568,"GPS"
"T172064",2017-08-08 18:03:00,-80.5327,72.0654,"GPS"
"T172064",2017-08-08 18:22:00,-80.5121,72.0677,"GPS"
"T172064",2017-08-08 18:33:00,-80.5022,72.0744,"GPS"
"T172064",2017-08-08 18:44:00,-80.4926,72.0777,"GPS"
"T172064",2017-08-08 19:00:00,-80.4943,72.084,"GPS"
"T172064",2017-08-09 00:03:00,-80.6368,72.2263,"GPS"
"T172064",2017-08-09 00:21:00,-80.6758,72.2308,"GPS"
"T172064",2017-08-09 00:41:00,-80.7062,72.2353,"GPS"
"T172064",2017-08-09 00:53:00,-80.7277,72.2377,"GPS"
"T172064",2017-08-09 01:02:00,-80.7462,72.2413,"GPS"
"T172064",2017-08-09 01:19:00,-80.7606,72.2453,"GPS"
"T172064",2017-08-09 01:29:00,-80.7641,72.2518,"GPS"
"T172064",2017-08-09 01:44:00,-80.769,72.2562,"GPS"
"T172064",2017-08-09 02:00:00,-80.768,72.261,"GPS"
"T172064",2017-08-09 02:15:00,-80.7783,72.257,"GPS"
"T172064",2017-08-09 02:31:00,-80.7845,72.2517,"GPS"
"T172064",2017-08-09 02:51:00,-80.788,72.244,"GPS"
"T172064",2017-08-09 03:07:00,-80.7877,72.2402,"GPS"
"T172064",2017-08-09 03:18:00,-80.7852,72.242,"GPS"
"T172064",2017-08-09 03:28:00,-80.7857,72.2456,"GPS"
"T172064",2017-08-09 03:38:00,-80.786,72.2498,"GPS"
"T172064",2017-08-09 04:00:00,-80.7808,72.2573,"GPS"
"T172064",2017-08-09 04:15:00,-80.7779,72.2637,"GPS"
"T172064",2017-08-09 04:24:00,-80.7704,72.2693,"GPS"
"T172064",2017-08-09 04:34:00,-80.7561,72.2748,"GPS"
"T172064",2017-08-09 05:15:00,-80.7217,72.2915,"GPS"
"T172064",2017-08-09 05:36:00,-80.7063,72.3018,"GPS"
"T172064",2017-08-09 05:58:00,-80.6782,72.3113,"GPS"
"T172064",2017-08-09 06:22:00,-80.6484,72.3172,"GPS"
"T172064",2017-08-09 06:42:00,-80.6392,72.3226,"GPS"
"T172064",2017-08-09 07:05:00,-80.6332,72.3288,"GPS"
"T172064",2017-08-09 07:33:00,-80.6078,72.3343,"GPS"
"T172064",2017-08-09 07:56:00,-80.619,72.3342,"GPS"
"T172064",2017-08-09 08:06:00,-80.6304,72.3325,"GPS"
"T172064",2017-08-09 08:26:00,-80.6414,72.3293,"GPS"
"T172064",2017-08-09 08:36:00,-80.6483,72.3262,"GPS"
"T172064",2017-08-09 08:50:00,-80.6542,72.3216,"GPS"
"T172064",2017-08-09 09:00:00,-80.6531,72.3168,"GPS"
"T172064",2017-08-09 09:17:00,-80.6602,72.3117,"GPS"
"T172064",2017-08-09 09:28:00,-80.6592,72.3125,"GPS"
"T172064",2017-08-09 09:38:00,-80.667,72.3086,"GPS"
"T172064",2017-08-09 10:03:00,-80.6806,72.3015,"GPS"
"T172064",2017-08-09 10:13:00,-80.6863,72.3024,"GPS"
"T172064",2017-08-09 10:23:00,-80.6895,72.3038,"GPS"
"T172064",2017-08-09 10:39:00,-80.698,72.3053,"GPS"
"T172064",2017-08-09 11:01:00,-80.6945,72.3077,"GPS"
"T172064",2017-08-09 11:11:00,-80.6878,72.311,"GPS"
"T172064",2017-08-09 11:21:00,-80.6826,72.3129,"GPS"
"T172064",2017-08-09 11:31:00,-80.6729,72.3112,"GPS"
"T172064",2017-08-09 12:04:00,-80.6888,72.305,"GPS"
"T172064",2017-08-09 12:19:00,-80.7111,72.3023,"GPS"
"T172064",2017-08-09 12:29:00,-80.715,72.2973,"GPS"
"T172064",2017-08-09 12:50:00,-80.7315,72.2872,"GPS"
"T172064",2017-08-09 13:02:00,-80.74,72.2836,"GPS"
"T172064",2017-08-09 13:13:00,-80.7471,72.2812,"GPS"
"T172064",2017-08-09 13:23:00,-80.7595,72.2778,"GPS"
"T172064",2017-08-09 13:33:00,-80.777,72.2738,"GPS"
"T172064",2017-08-09 14:02:00,-80.81,72.2571,"GPS"
"T172064",2017-08-09 14:13:00,-80.8154,72.2472,"GPS"
"T172064",2017-08-09 14:23:00,-80.8187,72.2372,"GPS"
"T172064",2017-08-09 14:34:00,-80.8076,72.2307,"GPS"
"T172064",2017-08-09 15:00:00,-80.787,72.2224,"GPS"
"T172064",2017-08-09 15:10:00,-80.7809,72.2184,"GPS"
"T172064",2017-08-09 15:20:00,-80.7782,72.213,"GPS"
"T172064",2017-08-09 15:30:00,-80.7732,72.2082,"GPS"
"T172064",2017-08-09 16:02:00,-80.7743,72.1968,"GPS"
"T172064",2017-08-09 16:12:00,-80.7656,72.1952,"GPS"
"T172064",2017-08-09 16:24:00,-80.7557,72.1938,"GPS"
"T172064",2017-08-09 16:35:00,-80.7522,72.1902,"GPS"
"T172064",2017-08-09 17:03:00,-80.743,72.1803,"GPS"
"T172064",2017-08-09 17:13:00,-80.7345,72.1795,"GPS"
"T172064",2017-08-09 17:23:00,-80.7316,72.1795,"GPS"
"T172064",2017-08-09 17:33:00,-80.7409,72.1775,"GPS"
"T172064",2017-08-09 18:12:00,-80.734,72.1814,"GPS"
"T172064",2017-08-09 18:22:00,-80.7296,72.1821,"GPS"
"T172064",2017-08-09 18:33:00,-80.7514,72.1849,"GPS"
"T172064",2017-08-09 18:43:00,-80.7599,72.1813,"GPS"
"T172064",2017-08-10 00:01:00,-80.7558,72.1708,"GPS"
"T172064",2017-08-10 00:11:00,-80.7544,72.1717,"GPS"
"T172064",2017-08-10 00:22:00,-80.7485,72.1698,"GPS"
"T172064",2017-08-10 00:33:00,-80.7437,72.1669,"GPS"
"T172064",2017-08-10 01:03:00,-80.7209,72.1637,"GPS"
"T172064",2017-08-10 01:16:00,-80.7127,72.1638,"GPS"
"T172064",2017-08-10 01:27:00,-80.7088,72.1656,"GPS"
"T172064",2017-08-10 01:37:00,-80.7171,72.1729,"GPS"
"T172064",2017-08-10 02:01:00,-80.7348,72.1893,"GPS"
"T172064",2017-08-10 02:11:00,-80.7391,72.1964,"GPS"
"T172064",2017-08-10 02:22:00,-80.7452,72.203,"GPS"
"T172064",2017-08-10 02:32:00,-80.7584,72.2086,"GPS"
"T172064",2017-08-10 03:02:00,-80.7759,72.2239,"GPS"
"T172064",2017-08-10 03:12:00,-80.7902,72.229,"GPS"
"T172064",2017-08-10 03:23:00,-80.7999,72.2365,"GPS"
"T172064",2017-08-10 03:32:00,-80.8014,72.2438,"GPS"
"T172064",2017-08-10 04:09:00,-80.8188,72.2512,"GPS"
"T172064",2017-08-10 04:18:00,-80.8094,72.2552,"GPS"
"T172064",2017-08-10 04:30:00,-80.806,72.2557,"GPS"
"T172064",2017-08-10 04:43:00,-80.8084,72.2477,"GPS"
"T172064",2017-08-10 05:00:00,-80.8215,72.2377,"GPS"
"T172064",2017-08-10 05:10:00,-80.8263,72.2328,"GPS"
"T172064",2017-08-10 05:22:00,-80.8301,72.2264,"GPS"
"T172064",2017-08-10 05:42:00,-80.8192,72.2204,"GPS"
"T172064",2017-08-10 06:00:00,-80.7953,72.2182,"GPS"
"T172064",2017-08-10 06:11:00,-80.7815,72.2234,"GPS"
"T172064",2017-08-10 06:21:00,-80.7679,72.228,"GPS"
"T172064",2017-08-10 06:38:00,-80.7539,72.2359,"GPS"
"T172064",2017-08-10 07:00:00,-80.7328,72.2497,"GPS"
"T172064",2017-08-10 07:11:00,-80.7207,72.2566,"GPS"
"T172064",2017-08-10 07:23:00,-80.6989,72.2632,"GPS"
"T172064",2017-08-10 07:37:00,-80.6725,72.2653,"GPS"
"T172064",2017-08-10 08:03:00,-80.6299,72.268,"GPS"
"T172064",2017-08-10 08:30:00,-80.6017,72.2645,"GPS"
"T172064",2017-08-10 08:53:00,-80.5773,72.2562,"GPS"
"T172064",2017-08-10 09:21:00,-80.5503,72.2437,"GPS"
"T172064",2017-08-10 09:55:00,-80.5698,72.2388,"GPS"
"T172064",2017-08-10 10:06:00,-80.5609,72.2379,"GPS"
"T172064",2017-08-10 10:27:00,-80.5281,72.2378,"GPS"
"T172064",2017-08-10 10:39:00,-80.5072,72.2378,"GPS"
"T172064",2017-08-10 11:01:00,-80.467,72.2413,"GPS"
"T172064",2017-08-10 11:10:00,-80.4441,72.2421,"GPS"
"T172064",2017-08-10 11:29:00,-80.417,72.2443,"GPS"
"T172064",2017-08-10 11:51:00,-80.401,72.2478,"GPS"
"T172064",2017-08-10 12:13:00,-80.394,72.2515,"GPS"
"T172064",2017-08-10 12:33:00,-80.4044,72.254,"GPS"
"T172064",2017-08-10 12:54:00,-80.4174,72.2553,"GPS"
"T172064",2017-08-10 13:16:00,-80.3851,72.251,"GPS"
"T172064",2017-08-10 14:09:00,-80.347,72.2777,"GPS"
"T172064",2017-08-10 14:35:00,-80.3673,72.2879,"GPS"
"T172064",2017-08-10 15:00:00,-80.4046,72.2901,"GPS"
"T172064",2017-08-10 15:20:00,-80.387,72.2935,"GPS"
"T172064",2017-08-10 15:31:00,-80.3869,72.2968,"GPS"
"T172064",2017-08-10 15:42:00,-80.3825,72.3053,"GPS"
"T172064",2017-08-10 16:00:00,-80.3805,72.3178,"GPS"
"T172064",2017-08-10 16:10:00,-80.3799,72.3255,"GPS"
"T172064",2017-08-10 16:38:00,-80.3862,72.3414,"GPS"
"T172064",2017-08-10 16:48:00,-80.3884,72.3459,"GPS"
"T172064",2017-08-10 17:12:00,-80.389,72.3584,"GPS"
"T172064",2017-08-10 17:22:00,-80.3837,72.3622,"GPS"
"T172064",2017-08-10 17:46:00,-80.3801,72.3737,"GPS"
"T172064",2017-08-10 18:13:00,-80.38,72.3782,"GPS"
"T172064",2017-08-10 18:42:00,-80.3708,72.3832,"GPS"
"T172064",2017-08-10 19:05:00,-80.3761,72.3835,"GPS"
"T172064",2017-08-10 19:33:00,-80.3845,72.3817,"GPS"
"T172064",2017-08-10 19:42:00,-80.3834,72.3793,"GPS"
"T172064",2017-08-10 20:06:00,-80.3865,72.3856,"GPS"
"T172064",2017-08-10 20:29:00,-80.3753,72.3853,"GPS"
"T172064",2017-08-10 20:42:00,-80.3667,72.388,"GPS"
"T172064",2017-08-10 20:52:00,-80.3641,72.3903,"GPS"
"T172064",2017-08-10 21:02:00,-80.3595,72.3916,"GPS"
"T172064",2017-08-10 21:36:00,-80.3579,72.4006,"GPS"
"T172064",NA,-80.3709,72.4403,"GPS"
"T172064",2017-08-11 00:10:00,-80.3716,72.4464,"GPS"
"T172064",2017-08-11 00:29:00,-80.3784,72.4541,"GPS"
"T172064",2017-08-11 00:55:00,-80.3821,72.4656,"GPS"
"T172064",2017-08-11 01:18:00,-80.3762,72.4696,"GPS"
"T172064",2017-08-11 01:37:00,-80.3756,72.4679,"GPS"
"T172064",2017-08-11 02:01:00,-80.3953,72.4651,"GPS"
"T172064",2017-08-11 02:23:00,-80.3875,72.4647,"GPS"
"T172064",2017-08-11 02:47:00,-80.3988,72.4691,"GPS"
"T172064",2017-08-11 03:09:00,-80.391,72.4747,"GPS"
"T172064",2017-08-11 03:33:00,-80.3736,72.4791,"GPS"
"T172064",2017-08-11 03:55:00,-80.3608,72.4764,"GPS"
"T172064",2017-08-11 04:18:00,-80.3497,72.4709,"GPS"
"T172064",2017-08-11 04:41:00,-80.352,72.4752,"GPS"
"T172064",2017-08-11 05:06:00,-80.3451,72.4823,"GPS"
"T172064",2017-08-11 05:29:00,-80.3426,72.4879,"GPS"
"T172064",2017-08-11 05:56:00,-80.3361,72.496,"GPS"
"T172064",2017-08-11 06:06:00,-80.3329,72.4999,"GPS"
"T172064",2017-08-11 06:22:00,-80.3363,72.5044,"GPS"
"T172064",2017-08-11 06:44:00,-80.3418,72.5104,"GPS"
"T172064",2017-08-11 07:05:00,-80.3464,72.5172,"GPS"
"T172064",2017-08-11 07:28:00,-80.3465,72.5255,"GPS"
"T172064",2017-08-11 07:50:00,-80.3322,72.5308,"GPS"
"T172064",2017-08-11 08:13:00,-80.3215,72.5387,"GPS"
"T172064",2017-08-11 08:33:00,-80.3108,72.5438,"GPS"
"T172064",2017-08-11 08:52:00,-80.3029,72.5483,"GPS"
"T172064",2017-08-11 09:14:00,-80.286,72.5551,"GPS"
"T172064",2017-08-11 09:25:00,-80.2758,72.5579,"GPS"
"T172064",2017-08-11 09:35:00,-80.2696,72.5594,"GPS"
"T172064",2017-08-11 09:48:00,-80.2573,72.5605,"GPS"
"T172064",2017-08-11 10:00:00,-80.2492,72.5627,"GPS"
"T172064",2017-08-11 10:32:00,-80.2339,72.5663,"GPS"
"T172064",2017-08-11 10:51:00,-80.2374,72.5741,"GPS"
"T172064",2017-08-11 11:01:00,-80.2341,72.5775,"GPS"
"T172064",2017-08-11 11:20:00,-80.2381,72.5842,"GPS"
"T172064",2017-08-11 11:37:00,-80.2325,72.5884,"GPS"
"T172064",2017-08-11 11:54:00,-80.2117,72.5937,"GPS"
"T172064",2017-08-11 12:03:00,-80.2086,72.598,"GPS"
"T172064",2017-08-11 12:24:00,-80.1957,72.6055,"GPS"
"T172064",2017-08-11 12:33:00,-80.1982,72.6088,"GPS"
"T172064",2017-08-11 12:43:00,-80.1995,72.6108,"GPS"
"T172064",2017-08-11 13:01:00,-80.2025,72.614,"GPS"
"T172064",2017-08-11 13:10:00,-80.2049,72.6152,"GPS"
"T172064",2017-08-11 13:21:00,-80.1998,72.6151,"GPS"
"T172064",2017-08-11 13:33:00,-80.1953,72.6157,"GPS"
"T172064",2017-08-11 14:00:00,-80.1647,72.6121,"GPS"
"T172064",2017-08-11 14:14:00,-80.1521,72.6124,"GPS"
"T172064",2017-08-11 14:33:00,-80.1438,72.6134,"GPS"
"T172064",2017-08-11 14:52:00,-80.1293,72.6139,"GPS"
"T172064",2017-08-11 15:11:00,-80.1171,72.6117,"GPS"
"T172064",2017-08-11 15:30:00,-80.113,72.6091,"GPS"
"T172064",2017-08-11 15:49:00,-80.1012,72.6078,"GPS"
"T172064",2017-08-11 16:59:00,-80.0502,72.6021,"GPS"
"T172064",2017-08-11 17:22:00,-80.064,72.6001,"GPS"
"T172064",2017-08-11 17:42:00,-80.0637,72.5993,"GPS"
"T172064",2017-08-11 18:22:00,-80.0999,72.6001,"GPS"
"T172064",2017-08-11 18:34:00,-80.084,72.5988,"GPS"
"T172064",2017-08-11 18:58:00,-80.07,72.5996,"GPS"
"T172064",2017-08-11 19:21:00,-80.0608,72.6002,"GPS"
"T172064",2017-08-11 19:42:00,-80.0646,72.5971,"GPS"
"T172064",2017-08-11 20:04:00,-80.0731,72.602,"GPS"
"T172064",2017-08-11 20:24:00,-80.0774,72.6063,"GPS"
"T172064",2017-08-11 20:49:00,-80.076,72.6144,"GPS"
"T172064",2017-08-11 21:10:00,-80.0567,72.615,"GPS"
"T172064",2017-08-11 21:29:00,-80.0483,72.6152,"GPS"
"T172064",2017-08-11 21:48:00,-80.0425,72.618,"GPS"
"T172064",2017-08-11 22:08:00,-80.0348,72.621,"GPS"
"T172064",2017-08-11 22:28:00,-80.031,72.623,"GPS"
"T172064",2017-08-12 00:06:00,-80.013,72.6318,"GPS"
"T172064",2017-08-12 00:17:00,-80,72.6311,"GPS"
"T172064",2017-08-12 00:29:00,-79.9854,72.628,"GPS"
"T172064",2017-08-12 00:40:00,-79.972,72.626,"GPS"
"T172064",2017-08-12 01:00:00,-79.9208,72.6233,"GPS"
"T172064",2017-08-12 01:12:00,-79.8858,72.6268,"GPS"
"T172064",2017-08-12 01:21:00,-79.8677,72.6285,"GPS"
"T172064",2017-08-12 01:31:00,-79.8844,72.6252,"GPS"
"T172064",2017-08-12 02:10:00,-79.9071,72.6148,"GPS"
"T172064",2017-08-12 02:37:00,-79.9123,72.6073,"GPS"
"T172064",2017-08-12 02:59:00,-79.9051,72.6026,"GPS"
"T172064",2017-08-12 03:22:00,-79.8874,72.5997,"GPS"
"T172064",2017-08-12 03:45:00,-79.8695,72.6026,"GPS"
"T172064",2017-08-12 04:06:00,-79.8793,72.6061,"GPS"
"T172064",2017-08-12 04:27:00,-79.8916,72.6071,"GPS"
"T172064",2017-08-12 04:52:00,-79.8738,72.597,"GPS"
"T172064",2017-08-12 05:17:00,-79.8498,72.5928,"GPS"
"T172064",2017-08-12 05:39:00,-79.8303,72.5936,"GPS"
"T172064",2017-08-12 06:02:00,-79.8317,72.5951,"GPS"
"T172064",2017-08-12 06:25:00,-79.8496,72.5946,"GPS"
"T172064",2017-08-12 06:49:00,-79.8698,72.5943,"GPS"
"T172064",2017-08-12 07:12:00,-79.8958,72.598,"GPS"
"T172064",2017-08-12 07:36:00,-79.9235,72.6019,"GPS"
"T172064",2017-08-12 07:59:00,-79.9505,72.6058,"GPS"
"T172064",2017-08-12 08:22:00,-79.974,72.605,"GPS"
"T172064",2017-08-12 08:44:00,-79.9882,72.6039,"GPS"
"T172064",2017-08-12 08:54:00,-79.9988,72.5993,"GPS"
"T172064",2017-08-12 09:06:00,-80.0074,72.5919,"GPS"
"T172064",2017-08-12 09:19:00,-80.0183,72.588,"GPS"
"T172064",2017-08-12 09:34:00,-80.0303,72.5863,"GPS"
"T172064",2017-08-12 09:48:00,-80.0444,72.5839,"GPS"
"T172064",2017-08-12 10:02:00,-80.0609,72.5819,"GPS"
"T172064",2017-08-12 10:12:00,-80.0681,72.5807,"GPS"
"T172064",2017-08-12 10:22:00,-80.0689,72.5788,"GPS"
"T172064",2017-08-12 10:32:00,-80.0797,72.5785,"GPS"
"T172064",2017-08-12 11:01:00,-80.0719,72.581,"GPS"
"T172064",2017-08-12 11:12:00,-80.0655,72.5834,"GPS"
"T172064",2017-08-12 11:40:00,-80.0104,72.5894,"GPS"
"T172064",2017-08-12 12:02:00,-79.9783,72.5905,"GPS"
"T172064",2017-08-12 12:12:00,-79.9617,72.5923,"GPS"
"T172064",2017-08-12 12:23:00,-79.9516,72.5937,"GPS"
"T172064",2017-08-12 12:32:00,-79.9485,72.5953,"GPS"
"T172064",2017-08-12 13:00:00,-79.9382,72.6024,"GPS"
"T172064",2017-08-12 13:23:00,-79.9505,72.6052,"GPS"
"T172064",2017-08-12 13:34:00,-79.9285,72.6043,"GPS"
"T172064",2017-08-12 13:43:00,-79.9037,72.6015,"GPS"
"T172064",2017-08-12 14:08:00,-79.868,72.5945,"GPS"
"T172064",2017-08-12 14:33:00,-79.8603,72.5994,"GPS"
"T172064",2017-08-12 14:57:00,-79.8387,72.6083,"GPS"
"T172064",2017-08-12 15:07:00,-79.829,72.6112,"GPS"
"T172064",2017-08-12 15:29:00,-79.8174,72.6194,"GPS"
"T172064",2017-08-12 15:53:00,-79.798,72.6238,"GPS"
"T172064",2017-08-12 16:03:00,-79.7784,72.6234,"GPS"
"T172064",2017-08-12 16:30:00,-79.7372,72.6227,"GPS"
"T172064",2017-08-12 16:53:00,-79.7168,72.6182,"GPS"
"T172064",2017-08-12 17:17:00,-79.712,72.6124,"GPS"
"T172064",2017-08-12 17:27:00,-79.7016,72.6097,"GPS"
"T172064",2017-08-12 17:51:00,-79.7123,72.6139,"GPS"
"T172064",2017-08-12 18:14:00,-79.693,72.6107,"GPS"
"T172064",2017-08-12 18:40:00,-79.6688,72.6034,"GPS"
"T172064",2017-08-12 19:03:00,-79.6424,72.5994,"GPS"
"T172064",2017-08-12 19:31:00,-79.6285,72.5992,"GPS"
"T172064",2017-08-12 19:43:00,-79.6168,72.6033,"GPS"
"T172064",2017-08-12 19:54:00,-79.609,72.6052,"GPS"
"T172064",2017-08-12 20:03:00,-79.6032,72.6073,"GPS"
"T172064",2017-08-12 20:13:00,-79.5907,72.6086,"GPS"
"T172064",2017-08-12 20:23:00,-79.5814,72.6087,"GPS"
"T172064",2017-08-12 20:34:00,-79.5722,72.6061,"GPS"
"T172064",2017-08-12 21:00:00,-79.5328,72.6019,"GPS"
"T172064",2017-08-12 21:12:00,-79.5141,72.6031,"GPS"
"T172064",2017-08-13 00:13:00,-79.4743,72.6127,"GPS"
"T172064",2017-08-13 00:38:00,-79.4592,72.6045,"GPS"
"T172064",2017-08-13 01:01:00,-79.4503,72.601,"GPS"
"T172064",2017-08-13 01:24:00,-79.4356,72.6017,"GPS"
"T172064",2017-08-13 01:42:00,-79.4184,72.6016,"GPS"
"T172064",2017-08-13 01:57:00,-79.4098,72.6028,"GPS"
"T172064",2017-08-13 02:19:00,-79.4031,72.606,"GPS"
"T172064",2017-08-13 02:41:00,-79.3998,72.6065,"GPS"
"T172064",2017-08-13 02:51:00,-79.4053,72.6051,"GPS"
"T172064",2017-08-13 03:08:00,-79.4116,72.6043,"GPS"
"T172064",2017-08-13 03:32:00,-79.4133,72.6053,"GPS"
"T172064",2017-08-13 03:42:00,-79.4091,72.6077,"GPS"
"T172064",2017-08-13 04:02:00,-79.405,72.6082,"GPS"
"T172064",2017-08-13 04:12:00,-79.4032,72.6096,"GPS"
"T172064",2017-08-13 04:22:00,-79.4038,72.6097,"GPS"
"T172064",2017-08-13 04:32:00,-79.3925,72.6123,"GPS"
"T172064",2017-08-13 05:05:00,-79.3661,72.617,"GPS"
"T172064",2017-08-13 05:26:00,-79.3669,72.6213,"GPS"
"T172064",2017-08-13 05:50:00,-79.3619,72.6211,"GPS"
"T172064",2017-08-13 06:15:00,-79.3614,72.6274,"GPS"
"T172064",2017-08-13 06:25:00,-79.365,72.6286,"GPS"
"T172064",2017-08-13 06:35:00,-79.3593,72.6287,"GPS"
"T172064",2017-08-13 06:55:00,-79.3435,72.6297,"GPS"
"T172064",2017-08-13 07:25:00,-79.3604,72.622,"GPS"
"T172064",2017-08-13 07:35:00,-79.3564,72.6187,"GPS"
"T172064",2017-08-13 08:01:00,-79.3746,72.6117,"GPS"
"T172064",2017-08-13 08:11:00,-79.3797,72.6073,"GPS"
"T172064",2017-08-13 08:30:00,-79.3935,72.6048,"GPS"
"T172064",2017-08-13 08:53:00,-79.3907,72.6014,"GPS"
"T172064",2017-08-13 09:03:00,-79.3831,72.5972,"GPS"
"T172064",2017-08-13 09:48:00,-79.3846,72.5864,"GPS"
"T172064",2017-08-13 10:12:00,-79.3941,72.5821,"GPS"
"T172064",2017-08-13 10:37:00,-79.3965,72.5835,"GPS"
"T172064",2017-08-13 10:51:00,-79.3889,72.5816,"GPS"
"T172064",2017-08-13 11:00:00,-79.3859,72.5806,"GPS"
"T172064",2017-08-13 11:19:00,-79.3763,72.5765,"GPS"
"T172064",2017-08-13 11:32:00,-79.3699,72.5753,"GPS"
"T172064",2017-08-13 11:47:00,-79.3618,72.5725,"GPS"
"T172064",2017-08-13 12:01:00,-79.3546,72.57,"GPS"
"T172064",2017-08-13 12:16:00,-79.3431,72.5672,"GPS"
"T172064",2017-08-13 12:36:00,-79.3251,72.5643,"GPS"
"T172064",2017-08-13 13:16:00,-79.2997,72.5645,"GPS"
"T172064",2017-08-13 13:38:00,-79.2974,72.5618,"GPS"
"T172064",2017-08-13 13:59:00,-79.3055,72.5627,"GPS"
"T172064",2017-08-13 14:20:00,-79.3082,72.5644,"GPS"
"T172064",2017-08-13 14:43:00,-79.3178,72.564,"GPS"
"T172064",2017-08-13 15:07:00,-79.3265,72.561,"GPS"
"T172064",2017-08-13 15:31:00,-79.3362,72.5577,"GPS"
"T172064",2017-08-13 15:43:00,-79.3518,72.557,"GPS"
"T172064",2017-08-13 15:55:00,-79.3742,72.5583,"GPS"
"T172064",2017-08-13 16:04:00,-79.3924,72.5589,"GPS"
"T172064",2017-08-13 16:29:00,-79.3952,72.5629,"GPS"
"T172064",2017-08-13 17:17:00,-79.3624,72.5626,"GPS"
"T172064",2017-08-13 17:42:00,-79.3712,72.5575,"GPS"
"T172064",2017-08-13 18:06:00,-79.3456,72.5504,"GPS"
"T172064",2017-08-13 19:20:00,-79.2949,72.5346,"GPS"
"T172064",2017-08-13 19:46:00,-79.3173,72.5399,"GPS"
"T172064",2017-08-13 20:11:00,-79.3274,72.5479,"GPS"
"T172064",2017-08-13 20:36:00,-79.3045,72.5519,"GPS"
"T172064",2017-08-13 21:02:00,-79.2933,72.558,"GPS"
"T172064",2017-08-13 21:29:00,-79.2866,72.5611,"GPS"
"T172064",2017-08-13 21:56:00,-79.2828,72.5685,"GPS"
"T172064",2017-08-13 22:23:00,-79.2863,72.5769,"GPS"
"T172064",2017-08-13 22:46:00,-79.3053,72.5807,"GPS"
"T172064",2017-08-13 22:56:00,-79.3107,72.5834,"GPS"
"T172064",2017-08-13 23:06:00,-79.3158,72.5839,"GPS"
"T172064",2017-08-14 00:02:00,-79.3325,72.5835,"GPS"
"T172064",2017-08-14 00:17:00,-79.35,72.5794,"GPS"
"T172064",2017-08-14 00:29:00,-79.3509,72.5764,"GPS"
"T172064",2017-08-14 00:38:00,-79.3485,72.5749,"GPS"
"T172064",2017-08-14 01:07:00,-79.3206,72.5733,"GPS"
"T172064",2017-08-14 01:34:00,-79.2872,72.5731,"GPS"
"T172064",2017-08-14 01:45:00,-79.2792,72.5721,"GPS"
"T172064",2017-08-14 01:55:00,-79.2552,72.571,"GPS"
"T172064",2017-08-14 02:07:00,-79.2326,72.5701,"GPS"
"T172064",2017-08-14 02:17:00,-79.217,72.5678,"GPS"
"T172064",2017-08-14 02:28:00,-79.2006,72.5656,"GPS"
"T172064",2017-08-14 02:38:00,-79.1894,72.5624,"GPS"
"T172064",2017-08-14 03:00:00,-79.1788,72.5637,"GPS"
"T172064",2017-08-14 03:10:00,-79.1689,72.5671,"GPS"
"T172064",2017-08-14 03:30:00,-79.161,72.5643,"GPS"
"T172064",2017-08-14 04:12:00,-79.1186,72.5682,"GPS"
"T172064",2017-08-14 04:34:00,-79.1021,72.5659,"GPS"
"T172064",2017-08-14 04:56:00,-79.0965,72.5721,"GPS"
"T172064",2017-08-14 05:30:00,-79.0774,72.5791,"GPS"
"T172064",2017-08-14 05:40:00,-79.0687,72.5844,"GPS"
"T172064",2017-08-14 05:50:00,-79.0506,72.5932,"GPS"
"T172064",2017-08-14 06:00:00,-79.0453,72.6024,"GPS"
"T172064",2017-08-14 06:10:00,-79.043,72.6113,"GPS"
"T172064",2017-08-14 06:20:00,-79.0536,72.6162,"GPS"
"T172064",2017-08-14 06:40:00,-79.085,72.6231,"GPS"
"T172064",2017-08-14 07:11:00,-79.1202,72.6324,"GPS"
"T172064",2017-08-14 07:37:00,-79.1082,72.6396,"GPS"
"T172064",2017-08-14 07:56:00,-79.1151,72.6388,"GPS"
"T172064",2017-08-14 08:06:00,-79.1194,72.6423,"GPS"
"T172064",2017-08-14 08:16:00,-79.1289,72.6445,"GPS"
"T172064",2017-08-14 08:38:00,-79.1394,72.6397,"GPS"
"T172064",2017-08-14 09:05:00,-79.1665,72.6355,"GPS"
"T172064",2017-08-14 09:16:00,-79.1877,72.6366,"GPS"
"T172064",2017-08-14 09:27:00,-79.2199,72.6361,"GPS"
"T172064",2017-08-14 09:39:00,-79.2561,72.6328,"GPS"
"T172064",2017-08-14 10:01:00,-79.2987,72.6372,"GPS"
"T172064",2017-08-14 10:11:00,-79.3219,72.6375,"GPS"
"T172064",2017-08-14 10:21:00,-79.3503,72.6369,"GPS"
"T172064",2017-08-14 10:31:00,-79.3766,72.6297,"GPS"
"T172064",2017-08-14 11:00:00,-79.4365,72.6236,"GPS"
"T172064",2017-08-14 11:10:00,-79.4562,72.6254,"GPS"
"T172064",2017-08-14 11:20:00,-79.4751,72.6269,"GPS"
"T172064",2017-08-14 11:31:00,-79.4957,72.6277,"GPS"
"T172064",2017-08-14 12:00:00,-79.551,72.6094,"GPS"
"T172064",2017-08-14 12:10:00,-79.572,72.6071,"GPS"
"T172064",2017-08-14 12:20:00,-79.5962,72.609,"GPS"
"T172064",2017-08-14 12:31:00,-79.6217,72.6106,"GPS"
"T172064",2017-08-14 13:01:00,-79.6874,72.616,"GPS"
"T172064",2017-08-14 13:10:00,-79.7097,72.6167,"GPS"
"T172064",2017-08-14 13:20:00,-79.7345,72.616,"GPS"
"T172064",2017-08-14 13:30:00,-79.7624,72.6164,"GPS"
"T172064",2017-08-14 14:01:00,-79.8443,72.6207,"GPS"
"T172064",2017-08-14 14:16:00,-79.878,72.6235,"GPS"
"T172064",2017-08-14 14:32:00,-79.9057,72.6267,"GPS"
"T172064",2017-08-14 14:49:00,-79.9359,72.6296,"GPS"
"T172064",2017-08-14 15:08:00,-79.9633,72.6332,"GPS"
"T172064",2017-08-14 15:26:00,-79.9902,72.6354,"GPS"
"T172064",2017-08-14 15:45:00,-80.0242,72.6392,"GPS"
"T172064",2017-08-14 15:57:00,-80.0542,72.6398,"GPS"
"T172064",2017-08-14 16:06:00,-80.0815,72.6412,"GPS"
"T172064",2017-08-14 16:17:00,-80.1031,72.6451,"GPS"
"T172064",2017-08-14 16:32:00,-80.1241,72.6467,"GPS"
"T172064",2017-08-14 16:42:00,-80.1157,72.6424,"GPS"
"T172064",2017-08-14 17:00:00,-80.127,72.6362,"GPS"
"T172064",2017-08-14 17:21:00,-80.1647,72.6423,"GPS"
"T172064",2017-08-14 17:33:00,-80.1907,72.6409,"GPS"
"T172064",2017-08-14 18:00:00,-80.255,72.6358,"GPS"
"T172064",2017-08-14 18:10:00,-80.2708,72.6323,"GPS"
"T172064",2017-08-14 18:21:00,-80.2845,72.6253,"GPS"
"T172066",NA,-80.4686,72.4724,"GPS"
"T172066",2017-08-08 00:10:00,-80.465,72.4601,"GPS"
"T172066",2017-08-08 00:20:00,-80.4773,72.4503,"GPS"
"T172066",2017-08-08 00:35:00,-80.4946,72.4355,"GPS"
"T172066",2017-08-08 01:00:00,-80.5077,72.4187,"GPS"
"T172066",2017-08-08 01:10:00,-80.5015,72.4245,"GPS"
"T172066",2017-08-08 01:20:00,-80.4951,72.4326,"GPS"
"T172066",2017-08-08 01:30:00,-80.4904,72.4401,"GPS"
"T172066",2017-08-08 02:00:00,-80.4792,72.4471,"GPS"
"T172066",2017-08-08 02:12:00,-80.4702,72.4532,"GPS"
"T172066",2017-08-08 02:21:00,-80.465,72.4579,"GPS"
"T172066",2017-08-08 02:31:00,-80.4669,72.4641,"GPS"
"T172066",2017-08-08 03:02:00,-80.4683,72.4763,"GPS"
"T172066",2017-08-08 03:12:00,-80.4691,72.4815,"GPS"
"T172066",2017-08-08 03:22:00,-80.4722,72.4872,"GPS"
"T172066",2017-08-08 03:32:00,-80.4814,72.4954,"GPS"
"T172066",2017-08-08 04:05:00,-80.4741,72.4887,"GPS"
"T172066",2017-08-08 04:20:00,-80.4684,72.4709,"GPS"
"T172066",2017-08-08 04:44:00,-80.5007,72.4435,"GPS"
"T172066",2017-08-08 04:55:00,-80.4969,72.4322,"GPS"
"T172066",2017-08-08 05:04:00,-80.5046,72.4213,"GPS"
"T172066",2017-08-08 05:14:00,-80.5095,72.4118,"GPS"
"T172066",2017-08-08 05:24:00,-80.5049,72.403,"GPS"
"T172066",2017-08-08 05:36:00,-80.4971,72.3918,"GPS"
"T172066",2017-08-08 06:00:00,-80.5075,72.3794,"GPS"
"T172066",2017-08-08 06:12:00,-80.5463,72.3758,"GPS"
"T172066",2017-08-08 06:23:00,-80.5791,72.3703,"GPS"
"T172066",2017-08-08 06:35:00,-80.6155,72.3607,"GPS"
"T172066",2017-08-08 07:00:00,-80.6752,72.3374,"GPS"
"T172066",2017-08-08 07:10:00,-80.6857,72.3266,"GPS"
"T172066",2017-08-08 07:21:00,-80.7081,72.3179,"GPS"
"T172066",2017-08-08 07:32:00,-80.7336,72.3076,"GPS"
"T172066",2017-08-08 08:01:00,-80.7853,72.2804,"GPS"
"T172066",2017-08-08 08:11:00,-80.7985,72.2721,"GPS"
"T172066",2017-08-08 08:21:00,-80.8092,72.2631,"GPS"
"T172066",2017-08-08 08:31:00,-80.8165,72.2551,"GPS"
"T172066",2017-08-08 09:04:00,-80.8477,72.2243,"GPS"
"T172066",2017-08-08 09:14:00,-80.8289,72.2179,"GPS"
"T172066",2017-08-08 09:25:00,-80.8123,72.2084,"GPS"
"T172066",2017-08-08 09:35:00,-80.821,72.2017,"GPS"
"T172066",2017-08-08 10:01:00,-80.8478,72.1944,"GPS"
"T172066",2017-08-08 10:10:00,-80.8567,72.1915,"GPS"
"T172066",2017-08-08 10:20:00,-80.8638,72.1901,"GPS"
"T172066",2017-08-08 10:31:00,-80.8775,72.1891,"GPS"
"T172066",2017-08-08 11:00:00,-80.8705,72.188,"GPS"
"T172066",2017-08-08 11:10:00,-80.8685,72.1873,"GPS"
"T172066",2017-08-08 11:22:00,-80.8653,72.1877,"GPS"
"T172066",2017-08-08 11:31:00,-80.8643,72.1878,"GPS"
"T172066",2017-08-08 12:00:00,-80.8447,72.1846,"GPS"
"T172066",2017-08-08 12:10:00,-80.8338,72.1818,"GPS"
"T172066",2017-08-08 12:24:00,-80.8165,72.1748,"GPS"
"T172066",2017-08-08 12:34:00,-80.8007,72.1693,"GPS"
"T172066",2017-08-08 13:03:00,-80.7445,72.1472,"GPS"
"T172066",2017-08-08 13:15:00,-80.7111,72.139,"GPS"
"T172066",2017-08-08 13:25:00,-80.677,72.1322,"GPS"
"T172066",2017-08-08 13:38:00,-80.6412,72.1221,"GPS"
"T172066",2017-08-08 14:04:00,-80.5722,72.1021,"GPS"
"T172066",2017-08-08 14:15:00,-80.5463,72.0953,"GPS"
"T172066",2017-08-08 14:32:00,-80.5192,72.0815,"GPS"
"T172066",2017-08-08 14:48:00,-80.5007,72.0682,"GPS"
"T172066",2017-08-08 15:07:00,-80.4981,72.0555,"GPS"
"T172066",2017-08-08 15:27:00,-80.516,72.0505,"GPS"
"T172066",2017-08-08 15:47:00,-80.5337,72.0461,"GPS"
"T172066",2017-08-08 16:09:00,-80.5475,72.0456,"GPS"
"T172066",2017-08-08 16:18:00,-80.5478,72.0385,"GPS"
"T172066",2017-08-08 16:28:00,-80.5578,72.0365,"GPS"
"T172066",2017-08-08 16:50:00,-80.5768,72.0414,"GPS"
"T172066",2017-08-08 17:13:00,-80.5774,72.0427,"GPS"
"T172066",2017-08-08 17:36:00,-80.5553,72.0435,"GPS"
"T172066",2017-08-08 18:02:00,-80.5299,72.0442,"GPS"
"T172066",2017-08-08 18:12:00,-80.5243,72.0445,"GPS"
"T172066",2017-08-08 18:29:00,-80.5048,72.0476,"GPS"
"T172066",2017-08-09 00:02:00,-80.4746,72.2047,"GPS"
"T172066",2017-08-09 00:19:00,-80.4742,72.2153,"GPS"
"T172066",2017-08-09 00:41:00,-80.489,72.23,"GPS"
"T172066",2017-08-09 00:51:00,-80.4957,72.2357,"GPS"
"T172066",2017-08-09 01:14:00,-80.5147,72.2487,"GPS"
"T172066",2017-08-09 01:36:00,-80.5383,72.2578,"GPS"
"T172066",2017-08-09 01:47:00,-80.553,72.2597,"GPS"
"T172066",2017-08-09 01:57:00,-80.5668,72.2617,"GPS"
"T172066",2017-08-09 02:07:00,-80.5843,72.2645,"GPS"
"T172066",2017-08-09 02:17:00,-80.5977,72.2676,"GPS"
"T172066",2017-08-09 02:38:00,-80.6171,72.2752,"GPS"
"T172066",2017-08-09 03:05:00,-80.6042,72.2865,"GPS"
"T172066",2017-08-09 03:32:00,-80.5881,72.2947,"GPS"
"T172066",2017-08-09 03:42:00,-80.5798,72.2973,"GPS"
"T172066",2017-08-09 03:59:00,-80.5787,72.3022,"GPS"
"T172066",2017-08-09 04:09:00,-80.5777,72.3027,"GPS"
"T172066",2017-08-09 04:30:00,-80.5678,72.3044,"GPS"
"T172066",2017-08-09 04:40:00,-80.5616,72.3049,"GPS"
"T172066",2017-08-09 04:51:00,-80.5567,72.3059,"GPS"
"T172066",2017-08-09 05:00:00,-80.5546,72.306,"GPS"
"T172066",2017-08-09 05:12:00,-80.5538,72.3068,"GPS"
"T172066",2017-08-09 05:32:00,-80.5529,72.3067,"GPS"
"T172066",2017-08-09 05:42:00,-80.5525,72.3079,"GPS"
"T172066",2017-08-09 06:03:00,-80.5374,72.3111,"GPS"
"T172066",2017-08-09 06:28:00,-80.5249,72.3163,"GPS"
"T172066",2017-08-09 06:52:00,-80.5169,72.3248,"GPS"
"T172066",2017-08-09 07:15:00,-80.5146,72.3321,"GPS"
"T172066",2017-08-09 07:39:00,-80.5241,72.3415,"GPS"
"T172066",2017-08-09 08:01:00,-80.5484,72.3478,"GPS"
"T172066",2017-08-09 08:12:00,-80.5606,72.3491,"GPS"
"T172066",2017-08-09 08:22:00,-80.5815,72.347,"GPS"
"T172066",2017-08-09 08:33:00,-80.5997,72.3426,"GPS"
"T172066",2017-08-09 09:00:00,-80.6432,72.3325,"GPS"
"T172066",2017-08-09 09:11:00,-80.6517,72.3255,"GPS"
"T172066",2017-08-09 09:24:00,-80.6394,72.3202,"GPS"
"T172066",2017-08-09 09:33:00,-80.6319,72.3157,"GPS"
"T172066",2017-08-09 10:15:00,-80.6275,72.3022,"GPS"
"T172066",2017-08-09 10:24:00,-80.6243,72.3023,"GPS"
"T172066",2017-08-09 10:43:00,-80.6242,72.3046,"GPS"
"T172066",2017-08-09 10:54:00,-80.6193,72.3069,"GPS"
"T172066",2017-08-09 11:03:00,-80.6132,72.3112,"GPS"
"T172066",2017-08-09 11:13:00,-80.6109,72.3137,"GPS"
"T172066",2017-08-09 11:23:00,-80.6074,72.3141,"GPS"
"T172066",2017-08-09 11:37:00,-80.6057,72.3161,"GPS"
"T172066",2017-08-09 12:00:00,-80.6149,72.316,"GPS"
"T172066",2017-08-09 12:12:00,-80.6182,72.3148,"GPS"
"T172066",2017-08-09 12:21:00,-80.6186,72.3136,"GPS"
"T172066",2017-08-09 12:31:00,-80.6185,72.312,"GPS"
"T172066",2017-08-09 13:03:00,-80.6506,72.2996,"GPS"
"T172066",2017-08-09 13:16:00,-80.6714,72.2915,"GPS"
"T172066",2017-08-09 13:29:00,-80.7088,72.2863,"GPS"
"T172066",2017-08-09 13:39:00,-80.7355,72.2841,"GPS"
"T172066",2017-08-09 14:00:00,-80.788,72.2763,"GPS"
"T172066",2017-08-09 14:12:00,-80.8029,72.2694,"GPS"
"T172066",2017-08-09 14:35:00,-80.819,72.2501,"GPS"
"T172066",2017-08-09 15:02:00,-80.8324,72.2291,"GPS"
"T172066",2017-08-09 15:12:00,-80.8235,72.2267,"GPS"
"T172066",2017-08-09 15:22:00,-80.8169,72.2223,"GPS"
"T172066",2017-08-09 15:32:00,-80.8078,72.2163,"GPS"
"T172066",2017-08-09 16:01:00,-80.8215,72.1982,"GPS"
"T172066",2017-08-09 16:11:00,-80.8226,72.1943,"GPS"
"T172066",2017-08-09 16:25:00,-80.8138,72.1902,"GPS"
"T172066",2017-08-09 16:35:00,-80.8096,72.1861,"GPS"
"T172066",2017-08-09 17:00:00,-80.8057,72.1811,"GPS"
"T172066",2017-08-09 17:10:00,-80.8083,72.1802,"GPS"
"T172066",2017-08-09 17:20:00,-80.8077,72.1786,"GPS"
"T172066",2017-08-09 17:35:00,-80.8122,72.1703,"GPS"
"T172066",2017-08-09 18:03:00,-80.8178,72.1729,"GPS"
"T172066",2017-08-09 18:16:00,-80.8136,72.173,"GPS"
"T172066",2017-08-09 18:29:00,-80.8043,72.1705,"GPS"
"T172066",2017-08-09 18:40:00,-80.8044,72.1725,"GPS"
"T172066",2017-08-09 19:01:00,-80.8035,72.176,"GPS"
"T172066",2017-08-10 00:04:00,-80.8207,72.2005,"GPS"
"T172066",2017-08-10 00:26:00,-80.8148,72.2047,"GPS"
"T172066",2017-08-10 00:35:00,-80.8161,72.2058,"GPS"
"T172066",2017-08-10 00:57:00,-80.811,72.2064,"GPS"
"T172066",2017-08-10 01:07:00,-80.8046,72.2065,"GPS"
"T172066",2017-08-10 01:18:00,-80.7997,72.2069,"GPS"
"T172066",2017-08-10 01:28:00,-80.7907,72.206,"GPS"
"T172066",2017-08-10 01:39:00,-80.783,72.2057,"GPS"
"T172066",2017-08-10 02:00:00,-80.7816,72.2062,"GPS"
"T172066",2017-08-10 02:14:00,-80.7867,72.2137,"GPS"
"T172066",2017-08-10 02:24:00,-80.8037,72.2172,"GPS"
"T172066",2017-08-10 02:38:00,-80.8101,72.226,"GPS"
"T172066",2017-08-10 03:00:00,-80.8068,72.2376,"GPS"
"T172066",2017-08-10 03:20:00,-80.8022,72.251,"GPS"
"T172066",2017-08-10 03:43:00,-80.7956,72.2662,"GPS"
"T172066",2017-08-10 03:56:00,-80.7894,72.2747,"GPS"
"T172066",2017-08-10 04:05:00,-80.7791,72.2795,"GPS"
"T172066",2017-08-10 04:21:00,-80.7608,72.2881,"GPS"
"T172066",2017-08-10 04:34:00,-80.7573,72.2941,"GPS"
"T172066",2017-08-10 04:44:00,-80.7527,72.295,"GPS"
"T172066",2017-08-10 05:00:00,-80.7425,72.2977,"GPS"
"T172066",2017-08-10 05:18:00,-80.7378,72.2939,"GPS"
"T172066",2017-08-10 05:42:00,-80.7249,72.2832,"GPS"
"T172066",2017-08-10 05:52:00,-80.7196,72.2801,"GPS"
"T172066",2017-08-10 06:02:00,-80.7095,72.2755,"GPS"
"T172066",2017-08-10 06:12:00,-80.7025,72.2739,"GPS"
"T172066",2017-08-10 06:22:00,-80.7032,72.2732,"GPS"
"T172066",2017-08-10 06:32:00,-80.6976,72.2723,"GPS"
"T172066",2017-08-10 07:28:00,-80.6837,72.2702,"GPS"
"T172066",2017-08-10 07:51:00,-80.632,72.272,"GPS"
"T172066",2017-08-10 08:01:00,-80.6145,72.271,"GPS"
"T172066",2017-08-10 08:21:00,-80.5876,72.268,"GPS"
"T172066",2017-08-10 08:47:00,-80.5693,72.2598,"GPS"
"T172066",2017-08-10 09:01:00,-80.5527,72.2548,"GPS"
"T172066",2017-08-10 09:22:00,-80.5341,72.2482,"GPS"
"T172066",2017-08-10 09:32:00,-80.5359,72.2462,"GPS"
"T172066",2017-08-10 09:44:00,-80.5366,72.2454,"GPS"
"T172066",2017-08-10 10:12:00,-80.5334,72.2409,"GPS"
"T172066",2017-08-10 10:24:00,-80.5223,72.2371,"GPS"
"T172066",2017-08-10 10:34:00,-80.5144,72.235,"GPS"
"T172066",2017-08-10 10:56:00,-80.4945,72.2321,"GPS"
"T172066",2017-08-10 11:05:00,-80.4839,72.2312,"GPS"
"T172066",2017-08-10 11:15:00,-80.4745,72.2298,"GPS"
"T172066",2017-08-10 11:25:00,-80.4662,72.23,"GPS"
"T172066",2017-08-10 11:35:00,-80.4564,72.2303,"GPS"
"T172066",2017-08-10 12:23:00,-80.3902,72.2401,"GPS"
"T172066",2017-08-10 12:50:00,-80.3667,72.2418,"GPS"
"T172066",2017-08-10 13:04:00,-80.3554,72.24,"GPS"
"T172066",2017-08-10 13:14:00,-80.3404,72.2402,"GPS"
"T172066",2017-08-10 13:25:00,-80.3196,72.2418,"GPS"
"T172066",2017-08-10 13:50:00,-80.2977,72.2439,"GPS"
"T172066",2017-08-10 14:00:00,-80.2945,72.2451,"GPS"
"T172066",2017-08-10 14:10:00,-80.2903,72.2481,"GPS"
"T172066",2017-08-10 14:20:00,-80.2843,72.2514,"GPS"
"T172066",2017-08-10 14:33:00,-80.2837,72.2598,"GPS"
"T172066",2017-08-10 15:04:00,-80.2945,72.2832,"GPS"
"T172066",2017-08-10 15:14:00,-80.2894,72.2895,"GPS"
"T172066",2017-08-10 15:24:00,-80.2905,72.294,"GPS"
"T172066",2017-08-10 15:34:00,-80.2913,72.2968,"GPS"
"T172066",2017-08-10 16:00:00,-80.2875,72.3083,"GPS"
"T172066",2017-08-10 16:13:00,-80.2858,72.314,"GPS"
"T172066",2017-08-10 16:23:00,-80.2869,72.3186,"GPS"
"T172066",2017-08-10 16:33:00,-80.283,72.3248,"GPS"
"T172066",2017-08-10 17:00:00,-80.2855,72.3362,"GPS"
"T172066",2017-08-10 17:10:00,-80.2871,72.3397,"GPS"
"T172066",2017-08-10 17:20:00,-80.2876,72.3432,"GPS"
"T172066",2017-08-10 17:30:00,-80.2861,72.348,"GPS"
"T172066",2017-08-10 18:12:00,-80.2642,72.3704,"GPS"
"T172066",2017-08-10 18:21:00,-80.2581,72.3757,"GPS"
"T172066",2017-08-10 18:31:00,-80.2579,72.3827,"GPS"
"T172066",2017-08-10 18:46:00,-80.2529,72.3926,"GPS"
"T172066",2017-08-10 19:03:00,-80.2518,72.4002,"GPS"
"T172066",2017-08-11 00:13:00,-80.3549,72.4931,"GPS"
"T172066",2017-08-11 00:22:00,-80.355,72.4939,"GPS"
"T172066",2017-08-11 00:46:00,-80.3477,72.4968,"GPS"
"T172066",2017-08-11 01:06:00,-80.3408,72.4956,"GPS"
"T172066",2017-08-11 01:16:00,-80.3361,72.4946,"GPS"
"T172066",2017-08-11 01:36:00,-80.3185,72.4983,"GPS"
"T172066",2017-08-11 01:46:00,-80.3137,72.5024,"GPS"
"T172066",2017-08-11 02:00:00,-80.3185,72.5033,"GPS"
"T172066",2017-08-11 02:10:00,-80.324,72.5041,"GPS"
"T172066",2017-08-11 02:20:00,-80.3295,72.5062,"GPS"
"T172066",2017-08-11 02:30:00,-80.3333,72.5083,"GPS"
"T172066",2017-08-11 03:01:00,-80.3249,72.5218,"GPS"
"T172066",2017-08-11 03:11:00,-80.3216,72.5229,"GPS"
"T172066",2017-08-11 03:28:00,-80.308,72.5292,"GPS"
"T172066",2017-08-11 03:38:00,-80.299,72.5305,"GPS"
"T172066",2017-08-11 04:12:00,-80.2564,72.537,"GPS"
"T172066",2017-08-11 04:22:00,-80.247,72.538,"GPS"
"T172066",2017-08-11 04:40:00,-80.2292,72.5454,"GPS"
"T172066",2017-08-11 04:59:00,-80.2178,72.5516,"GPS"
"T172066",2017-08-11 05:12:00,-80.203,72.5562,"GPS"
"T172066",2017-08-11 05:35:00,-80.1749,72.5635,"GPS"
"T172066",2017-08-11 05:59:00,-80.1432,72.5598,"GPS"
"T172066",2017-08-11 06:09:00,-80.1411,72.5586,"GPS"
"T172066",2017-08-11 06:30:00,-80.1206,72.5583,"GPS"
"T172066",2017-08-11 06:51:00,-80.1177,72.5618,"GPS"
"T172066",2017-08-11 07:17:00,-80.1168,72.5662,"GPS"
"T172066",2017-08-11 07:40:00,-80.1108,72.568,"GPS"
"T172066",2017-08-11 08:05:00,-80.0927,72.5676,"GPS"
"T172066",2017-08-11 08:15:00,-80.0893,72.568,"GPS"
"T172066",2017-08-11 08:33:00,-80.0875,72.5689,"GPS"
"T172066",2017-08-11 09:00:00,-80.0806,72.5733,"GPS"
"T172066",2017-08-11 09:10:00,-80.0796,72.5738,"GPS"
"T172066",2017-08-11 09:29:00,-80.0805,72.5766,"GPS"
"T172066",2017-08-11 09:39:00,-80.0809,72.5769,"GPS"
"T172066",2017-08-11 10:00:00,-80.0852,72.5758,"GPS"
"T172066",2017-08-11 10:22:00,-80.0843,72.5726,"GPS"
"T172066",2017-08-11 10:43:00,-80.0824,72.5698,"GPS"
"T172066",2017-08-11 10:55:00,-80.0872,72.5686,"GPS"
"T172066",2017-08-11 11:05:00,-80.0851,72.5707,"GPS"
"T172066",2017-08-11 11:15:00,-80.0831,72.5725,"GPS"
"T172066",2017-08-11 11:25:00,-80.0805,72.574,"GPS"
"T172066",2017-08-11 11:46:00,-80.0836,72.5801,"GPS"
"T172066",2017-08-11 12:00:00,-80.084,72.5859,"GPS"
"T172066",2017-08-11 12:17:00,-80.0899,72.5929,"GPS"
"T172066",2017-08-11 12:44:00,-80.0845,72.5995,"GPS"
"T172066",2017-08-11 12:54:00,-80.0904,72.5996,"GPS"
"T172066",2017-08-11 13:12:00,-80.0818,72.6005,"GPS"
"T172066",2017-08-11 13:22:00,-80.0786,72.6005,"GPS"
"T172066",2017-08-11 13:43:00,-80.0639,72.6023,"GPS"
"T172066",2017-08-11 14:10:00,-80.0563,72.6066,"GPS"
"T172066",2017-08-11 14:37:00,-80.0524,72.6119,"GPS"
"T172066",2017-08-11 15:02:00,-80.065,72.6147,"GPS"
"T172066",2017-08-11 15:27:00,-80.0682,72.6161,"GPS"
"T172066",2017-08-11 15:37:00,-80.0757,72.6153,"GPS"
"T172066",2017-08-11 15:49:00,-80.081,72.6179,"GPS"
"T172066",2017-08-11 16:00:00,-80.0856,72.6184,"GPS"
"T172066",2017-08-11 16:10:00,-80.0893,72.6189,"GPS"
"T172066",2017-08-11 16:20:00,-80.0929,72.6196,"GPS"
"T172066",2017-08-11 16:32:00,-80.0933,72.6194,"GPS"
"T172066",2017-08-11 17:00:00,-80.1062,72.6175,"GPS"
"T172066",2017-08-11 17:10:00,-80.1136,72.6167,"GPS"
"T172066",2017-08-11 17:34:00,-80.1128,72.619,"GPS"
"T172066",2017-08-11 17:57:00,-80.1205,72.6164,"GPS"
"T172066",2017-08-11 18:06:00,-80.1123,72.6195,"GPS"
"T172066",2017-08-11 18:16:00,-80.1111,72.6208,"GPS"
"T172066",2017-08-11 18:27:00,-80.1073,72.6206,"GPS"
"T172066",2017-08-11 18:37:00,-80.1101,72.6191,"GPS"
"T172066",2017-08-11 19:00:00,-80.1052,72.6179,"GPS"
"T172066",2017-08-11 19:10:00,-80.1057,72.6162,"GPS"
"T172066",2017-08-11 19:20:00,-80.1023,72.6152,"GPS"
"T172066",2017-08-11 19:30:00,-80.0985,72.6143,"GPS"
"T172066",2017-08-11 20:17:00,-80.0829,72.6126,"GPS"
"T172066",NA,-80.0649,72.6103,"GPS"
"T172066",2017-08-12 00:10:00,-80.0582,72.6086,"GPS"
"T172066",2017-08-12 00:21:00,-80.0445,72.6084,"GPS"
"T172066",2017-08-12 00:30:00,-80.0346,72.6049,"GPS"
"T172066",2017-08-12 01:04:00,-79.9993,72.5818,"GPS"
"T172066",2017-08-12 01:14:00,-80.0035,72.5817,"GPS"
"T172066",2017-08-12 01:34:00,-80.0122,72.58,"GPS"
"T172066",2017-08-12 01:44:00,-80.0099,72.5811,"GPS"
"T172066",2017-08-12 02:00:00,-80.0179,72.5791,"GPS"
"T172066",2017-08-12 02:10:00,-80.0217,72.5779,"GPS"
"T172066",2017-08-12 02:20:00,-80.0274,72.5763,"GPS"
"T172066",2017-08-12 02:30:00,-80.0299,72.574,"GPS"
"T172066",2017-08-12 03:00:00,-80.0201,72.5719,"GPS"
"T172066",2017-08-12 03:20:00,-80.0002,72.5707,"GPS"
"T172066",2017-08-12 03:43:00,-79.9834,72.5703,"GPS"
"T172066",2017-08-12 03:53:00,-79.9844,72.5701,"GPS"
"T172066",2017-08-12 04:14:00,-79.9684,72.5746,"GPS"
"T172066",2017-08-12 04:24:00,-79.9635,72.5751,"GPS"
"T172066",2017-08-12 04:37:00,-79.9594,72.5765,"GPS"
"T172066",2017-08-12 04:48:00,-79.9629,72.5744,"GPS"
"T172066",2017-08-12 05:10:00,-79.9689,72.5692,"GPS"
"T172066",2017-08-12 05:22:00,-79.9644,72.5671,"GPS"
"T172066",2017-08-12 05:33:00,-79.9617,72.5653,"GPS"
"T172066",2017-08-12 05:55:00,-79.9388,72.5629,"GPS"
"T172066",2017-08-12 06:05:00,-79.9369,72.562,"GPS"
"T172066",2017-08-12 06:15:00,-79.9403,72.5608,"GPS"
"T172066",2017-08-12 06:27:00,-79.9395,72.5621,"GPS"
"T172066",2017-08-12 06:38:00,-79.9427,72.5619,"GPS"
"T172066",2017-08-12 07:00:00,-79.9516,72.5607,"GPS"
"T172066",2017-08-12 07:11:00,-79.9536,72.5617,"GPS"
"T172066",2017-08-12 07:20:00,-79.9553,72.5623,"GPS"
"T172066",2017-08-12 07:41:00,-79.9541,72.571,"GPS"
"T172066",2017-08-12 08:03:00,-79.9458,72.5765,"GPS"
"T172066",2017-08-12 08:30:00,-79.9386,72.5783,"GPS"
"T172066",2017-08-12 08:40:00,-79.9389,72.5782,"GPS"
"T172066",2017-08-12 08:56:00,-79.9366,72.5816,"GPS"
"T172066",2017-08-12 09:10:00,-79.9403,72.5826,"GPS"
"T172066",2017-08-12 09:26:00,-79.9497,72.5834,"GPS"
"T172066",2017-08-12 09:36:00,-79.9552,72.5831,"GPS"
"T172066",2017-08-12 09:46:00,-79.9549,72.5814,"GPS"
"T172066",2017-08-12 10:00:00,-79.9556,72.58,"GPS"
"T172066",2017-08-12 10:10:00,-79.9569,72.5784,"GPS"
"T172066",2017-08-12 10:31:00,-79.9658,72.5772,"GPS"
"T172066",2017-08-12 10:56:00,-79.9736,72.5767,"GPS"
"T172066",2017-08-12 11:06:00,-79.9747,72.5768,"GPS"
"T172066",2017-08-12 11:27:00,-79.9681,72.5789,"GPS"
"T172066",2017-08-12 11:41:00,-79.9628,72.5809,"GPS"
"T172066",2017-08-12 11:51:00,-79.962,72.582,"GPS"
"T172066",2017-08-12 12:01:00,-79.9608,72.583,"GPS"
"T172066",2017-08-12 12:18:00,-79.9625,72.5872,"GPS"
"T172066",2017-08-12 12:28:00,-79.9565,72.5891,"GPS"
"T172066",2017-08-12 12:38:00,-79.9507,72.5929,"GPS"
"T172066",2017-08-12 13:00:00,-79.9437,72.5992,"GPS"
"T172066",2017-08-12 13:10:00,-79.9426,72.6001,"GPS"
"T172066",2017-08-12 13:33:00,-79.9373,72.6046,"GPS"
"T172066",2017-08-12 13:43:00,-79.9345,72.6038,"GPS"
"T172066",2017-08-12 14:00:00,-79.9357,72.6034,"GPS"
"T172066",2017-08-12 14:10:00,-79.9315,72.6033,"GPS"
"T172066",2017-08-12 14:20:00,-79.9272,72.6042,"GPS"
"T172066",2017-08-12 14:39:00,-79.9239,72.6082,"GPS"
"T172066",2017-08-12 15:03:00,-79.9209,72.6142,"GPS"
"T172066",2017-08-12 15:13:00,-79.9127,72.6161,"GPS"
"T172066",2017-08-12 15:32:00,-79.9072,72.6194,"GPS"
"T172066",2017-08-12 15:42:00,-79.8971,72.6194,"GPS"
"T172066",2017-08-12 16:02:00,-79.8954,72.6219,"GPS"
"T172066",2017-08-12 16:12:00,-79.8841,72.6203,"GPS"
"T172066",2017-08-12 16:22:00,-79.8707,72.6187,"GPS"
"T172066",2017-08-12 16:32:00,-79.8593,72.6172,"GPS"
"T172066",2017-08-12 17:04:00,-79.8241,72.617,"GPS"
"T172066",2017-08-12 17:15:00,-79.8188,72.6163,"GPS"
"T172066",2017-08-12 17:31:00,-79.8179,72.6181,"GPS"
"T172066",2017-08-12 17:53:00,-79.8049,72.6204,"GPS"
"T172066",NA,-79.5288,72.6262,"GPS"
"T172066",2017-08-13 00:10:00,-79.5091,72.6166,"GPS"
"T172066",2017-08-13 00:21:00,-79.4984,72.6152,"GPS"
"T172066",2017-08-13 00:31:00,-79.4854,72.6141,"GPS"
"T172066",2017-08-13 01:06:00,-79.4414,72.6106,"GPS"
"T172066",2017-08-13 01:28:00,-79.413,72.6107,"GPS"
"T172066",2017-08-13 01:51:00,-79.3841,72.6071,"GPS"
"T172066",2017-08-13 02:01:00,-79.3664,72.6057,"GPS"
"T172066",2017-08-13 02:26:00,-79.339,72.6023,"GPS"
"T172066",2017-08-13 02:36:00,-79.3303,72.603,"GPS"
"T172066",2017-08-13 02:55:00,-79.3217,72.6015,"GPS"
"T172066",2017-08-13 03:04:00,-79.3106,72.6026,"GPS"
"T172066",2017-08-13 03:14:00,-79.2918,72.6019,"GPS"
"T172066",2017-08-13 03:24:00,-79.278,72.6007,"GPS"
"T172066",2017-08-13 03:42:00,-79.2705,72.6019,"GPS"
"T172066",2017-08-13 04:00:00,-79.2489,72.6042,"GPS"
"T172066",2017-08-13 04:10:00,-79.236,72.6063,"GPS"
"T172066",2017-08-13 04:20:00,-79.2227,72.6089,"GPS"
"T172066",2017-08-13 04:30:00,-79.2094,72.6097,"GPS"
"T172066",2017-08-13 05:10:00,-79.162,72.6108,"GPS"
"T172066",2017-08-13 05:20:00,-79.1465,72.6099,"GPS"
"T172066",2017-08-13 05:37:00,-79.1342,72.6074,"GPS"
"T172066",2017-08-13 05:47:00,-79.1249,72.6065,"GPS"
"T172066",2017-08-13 06:06:00,-79.1269,72.6031,"GPS"
"T172066",2017-08-13 06:16:00,-79.1215,72.6023,"GPS"
"T172066",2017-08-13 06:26:00,-79.113,72.6048,"GPS"
"T172066",2017-08-13 06:36:00,-79.109,72.6062,"GPS"
"T172066",2017-08-13 07:10:00,-79.0866,72.6076,"GPS"
"T172066",2017-08-13 07:20:00,-79.0785,72.6078,"GPS"
"T172066",2017-08-13 07:31:00,-79.0729,72.6074,"GPS"
"T172066",2017-08-13 08:00:00,-79.0523,72.6091,"GPS"
"T172066",2017-08-13 08:10:00,-79.0501,72.6116,"GPS"
"T172066",2017-08-13 08:20:00,-79.0491,72.6138,"GPS"
"T172066",2017-08-13 08:35:00,-79.0382,72.6179,"GPS"
"T172066",2017-08-13 09:02:00,-79.0246,72.6197,"GPS"
"T172066",2017-08-13 09:22:00,-79.014,72.6216,"GPS"
"T172066",2017-08-13 09:32:00,-79.0066,72.6225,"GPS"
"T172066",2017-08-13 09:42:00,-79.0004,72.6255,"GPS"
"T172066",2017-08-13 10:00:00,-78.9955,72.6311,"GPS"
"T172066",2017-08-13 10:23:00,-79.0008,72.6385,"GPS"
"T172066",2017-08-13 10:33:00,-79.0013,72.6414,"GPS"
"T172066",2017-08-13 10:48:00,-78.9974,72.6442,"GPS"
"T172066",2017-08-13 11:00:00,-78.9925,72.645,"GPS"
"T172066",2017-08-13 11:10:00,-78.9879,72.6459,"GPS"
"T172066",2017-08-13 11:20:00,-78.9837,72.6464,"GPS"
"T172066",2017-08-13 11:30:00,-78.9846,72.6495,"GPS"
"T172066",2017-08-13 12:06:00,-78.9888,72.6528,"GPS"
"T172066",2017-08-13 12:16:00,-78.9867,72.6529,"GPS"
"T172066",2017-08-13 12:25:00,-78.9873,72.6537,"GPS"
"T172066",2017-08-13 12:35:00,-78.9851,72.6541,"GPS"
"T172066",2017-08-13 13:00:00,-78.9824,72.6558,"GPS"
"T172066",2017-08-13 13:10:00,-78.9818,72.6569,"GPS"
"T172066",2017-08-13 13:20:00,-78.981,72.6579,"GPS"
"T172066",2017-08-13 13:30:00,-78.9801,72.6586,"GPS"
"T172066",2017-08-13 14:00:00,-78.9828,72.6647,"GPS"
"T172066",2017-08-13 14:10:00,-78.9817,72.6676,"GPS"
"T172066",2017-08-13 14:27:00,-78.9888,72.6709,"GPS"
"T172066",2017-08-13 14:48:00,-78.9742,72.6755,"GPS"
"T172066",2017-08-13 15:01:00,-78.9681,72.6784,"GPS"
"T172066",2017-08-13 15:10:00,-78.9645,72.6802,"GPS"
"T172066",2017-08-13 15:21:00,-78.9622,72.6814,"GPS"
"T172066",2017-08-13 15:31:00,-78.9709,72.6819,"GPS"
"T172066",2017-08-13 16:00:00,-79.0248,72.6852,"GPS"
"T172066",2017-08-13 16:20:00,-79.0411,72.6873,"GPS"
"T172066",2017-08-13 16:32:00,-79.0551,72.6885,"GPS"
"T172066",2017-08-13 17:00:00,-79.0788,72.687,"GPS"
"T172066",2017-08-13 17:12:00,-79.0854,72.6875,"GPS"
"T172066",2017-08-13 17:21:00,-79.0888,72.6869,"GPS"
"T172066",2017-08-13 17:31:00,-79.0943,72.6874,"GPS"
"T172066",2017-08-13 18:04:00,-79.1146,72.6846,"GPS"
"T172066",2017-08-14 00:03:00,-79.2632,72.6544,"GPS"
"T172066",2017-08-14 00:13:00,-79.2656,72.6576,"GPS"
"T172066",2017-08-14 00:23:00,-79.2692,72.6614,"GPS"
"T172066",2017-08-14 00:34:00,-79.273,72.6631,"GPS"
"T172066",2017-08-14 01:00:00,-79.2766,72.6638,"GPS"
"T172066",2017-08-14 01:10:00,-79.2773,72.6647,"GPS"
"T172066",2017-08-14 01:22:00,-79.2784,72.6658,"GPS"
"T172066",2017-08-14 01:36:00,-79.276,72.6682,"GPS"
"T172066",2017-08-14 02:03:00,-79.2756,72.6711,"GPS"
"T172066",2017-08-14 02:24:00,-79.2823,72.6588,"GPS"
"T172066",2017-08-14 02:33:00,-79.284,72.658,"GPS"
"T172066",2017-08-14 02:45:00,-79.2856,72.657,"GPS"
"T172066",2017-08-14 03:02:00,-79.2889,72.657,"GPS"
"T172066",2017-08-14 03:14:00,-79.288,72.6566,"GPS"
"T172066",2017-08-14 03:26:00,-79.2919,72.6581,"GPS"
"T172066",2017-08-14 03:37:00,-79.2922,72.6585,"GPS"
"T172066",2017-08-14 04:01:00,-79.2843,72.6611,"GPS"
"T172066",2017-08-14 04:11:00,-79.2732,72.6617,"GPS"
"T172066",2017-08-14 04:22:00,-79.2497,72.6631,"GPS"
"T172066",2017-08-14 04:32:00,-79.2304,72.6647,"GPS"
"T172066",2017-08-14 05:00:00,-79.1945,72.6616,"GPS"
"T172066",2017-08-14 05:10:00,-79.1733,72.6609,"GPS"
"T172066",2017-08-14 05:20:00,-79.1506,72.6606,"GPS"
"T172066",2017-08-14 05:30:00,-79.1328,72.6606,"GPS"
"T172066",2017-08-14 06:00:00,-79.101,72.6649,"GPS"
"T172066",2017-08-14 06:10:00,-79.0927,72.6686,"GPS"
"T172066",2017-08-14 06:20:00,-79.0877,72.6716,"GPS"
"T172066",2017-08-14 06:42:00,-79.1043,72.6748,"GPS"
"T172066",2017-08-14 07:00:00,-79.1182,72.6756,"GPS"
"T172066",2017-08-14 07:10:00,-79.1241,72.6765,"GPS"
"T172066",2017-08-14 07:22:00,-79.1356,72.6779,"GPS"
"T172066",2017-08-14 07:33:00,-79.1458,72.6801,"GPS"
"T172066",2017-08-14 08:13:00,-79.1771,72.6857,"GPS"
"T172066",2017-08-14 08:35:00,-79.2048,72.6839,"GPS"
"T172066",2017-08-14 08:46:00,-79.2086,72.681,"GPS"
"T172066",2017-08-14 08:59:00,-79.2101,72.6765,"GPS"
"T172066",2017-08-14 09:08:00,-79.2145,72.6726,"GPS"
"T172066",2017-08-14 09:20:00,-79.2234,72.6645,"GPS"
"T172066",2017-08-14 09:30:00,-79.2339,72.6585,"GPS"
"T172066",2017-08-14 09:40:00,-79.2471,72.6517,"GPS"
"T172066",2017-08-14 10:02:00,-79.2822,72.6515,"GPS"
"T172066",2017-08-14 10:12:00,-79.2991,72.6507,"GPS"
"T172066",2017-08-14 10:25:00,-79.3185,72.6508,"GPS"
"T172066",2017-08-14 10:35:00,-79.3359,72.6489,"GPS"
"T172066",2017-08-14 11:13:00,-79.4054,72.6476,"GPS"
"T172066",2017-08-14 11:23:00,-79.424,72.6464,"GPS"
"T172066",2017-08-14 11:36:00,-79.4489,72.6429,"GPS"
"T172066",2017-08-14 12:00:00,-79.4882,72.6333,"GPS"
"T172066",2017-08-14 12:20:00,-79.5168,72.6324,"GPS"
"T172066",2017-08-14 12:30:00,-79.5307,72.633,"GPS"
"T172066",2017-08-14 12:40:00,-79.5419,72.6338,"GPS"
"T172066",2017-08-14 13:02:00,-79.5555,72.6352,"GPS"
"T172066",2017-08-14 13:13:00,-79.5667,72.6368,"GPS"
"T172066",2017-08-14 13:23:00,-79.5784,72.6377,"GPS"
"T172066",2017-08-14 13:33:00,-79.5912,72.6383,"GPS"
"T172066",2017-08-14 14:00:00,-79.6282,72.6395,"GPS"
"T172066",2017-08-14 14:10:00,-79.6463,72.64,"GPS"
"T172066",2017-08-14 14:30:00,-79.6815,72.639,"GPS"
"T172066",2017-08-14 15:00:00,-79.7286,72.6383,"GPS"
"T172066",2017-08-14 15:12:00,-79.7458,72.6388,"GPS"
"T172066",2017-08-14 15:21:00,-79.7608,72.6387,"GPS"
"T172066",2017-08-14 15:32:00,-79.7812,72.6386,"GPS"
"T172066",2017-08-14 16:00:00,-79.8357,72.6362,"GPS"
"T172066",2017-08-14 16:12:00,-79.8582,72.6356,"GPS"
"T172066",2017-08-14 16:22:00,-79.875,72.6356,"GPS"
"T172066",2017-08-14 16:33:00,-79.8958,72.6361,"GPS"
"T172066",2017-08-14 17:01:00,-79.9468,72.6382,"GPS"
"T172066",2017-08-14 17:13:00,-79.9643,72.6359,"GPS"
"T172066",2017-08-14 17:22:00,-79.976,72.6339,"GPS"
"T172066",2017-08-14 17:36:00,-80.0058,72.6334,"GPS"
"T172066",2017-08-14 18:00:00,-80.0416,72.6313,"GPS"
